RECIPE_ID,RECIPE_NM_KO,SUMRY,SERVINGS,TY_NM,COOKING_TIME,LEVEL_NM,INGREDIENT_FULL,STEP_TEXT,STEP_TIP
6854147,버섯찌개 - 숙주버섯찌개,숙주버섯찌개,4.0,찌개,60.0,초급,"{'느타리버섯': '1팩', '숙주나물': '2줌', '식용유': '2', '다진마늘': '1', '고춧가루': '3', '국간장': '3', '멸치다시마육수': '6', '소금': '', '후춧가루': ''}","[""1. 느타리버섯이랑 숙주는 깨끗하게 손질해서 준비해 줍니다. 숙주 손질법 레시피"", ""2. 멸치왕창 넣고~~ 다시마도 한장 넣고 육수를 진하게 끓여 줍니다."", ""3. 냄비에 식용유2,다진마늘1,고춧가루3을 넣고약불에서 양념을 볶아 줍니다. 양념이 타지 않게 약불로 볶다~ 국간장3을 넣고 고추기름과 잘 섞이게 볶아주세요."", ""4. 이젠 버섯을 넣어 양념장에 고루 볶아주고~"", ""5. 숙주도 넣어 볶아줍니다."", ""6. 고루 잘 볶아주기!"", ""7. 멸치다시마육수를 6컵 부어줍니다."", ""8. 10분정도 끓이다 파를 넣고 5분 더 끓여 마무리 해주세요. 부족한 간은 소금으로~ 입맛에 따라 후추를 넣어 주셔도 됩니다.""]","[""숙주 손질법 레시피"", """", """", """", """", """", """", """"]"
6910367,다른반찬이 필요없는 두부짜글이로 밥한공기 뚝딱!,두부짜글이,3.0,찌개,30.0,아무나,"{'두부': '1모', '양파': '1/2개', '청양고추': '2개', '대파': '', '고춧가루': '1.5T', '고추장': '1.5T', '간장': '2T', '설탕': '1T', '다진마늘': '1/2T'}","[""1. 먼저 양파1/2개와 청양고추2개를 먹기좋게 썰어주세요"", ""2. 고춧가루1.5T, 고추장1.5T, 간장2T, 설탕1T, 다진마늘1/2T를 섞어서 양념장을 만들어주세요"", ""3. 낮은 후라이팬에 양파를 올리고 두부를 삥 둘러서 올려주세요"", ""4. 물은 두부가 자작하게 잠길정도만 넣어주시고 양념장을 그 위에 올려주세요"", ""5. 뚜껑을 닫고 약한불에 졸여주세요"", ""6. 뚜껑을 잠시 열고 대파와 청양고추2개를 넣어서 다시 졸여주세요 국물이 없어질정도로 졸여주세요""]","["""", """", """", """", """", """"]"
6834020,짬뽕맛 나는 오징어찌개 만들기,오징어찌개,2.0,찌개,30.0,초급,"{'오징어': '1마리', '애호박': '1/2개', '양파': '1/2개', '청양고추': '1개', '콩나물': '3줌', '대파': '조금', '멸치': '국물다시용 적당량', '포도씨유': '1큰술', '고춧가루': '1큰술', '다진': '마늘 1큰술', '국간장': '1큰술', '고추장': '1작은술', '소금': '1작은술', '후춧가루': '조금'}","[""1. 멸치와 다시마를 넣고 약한 불에서 10분정도 끓인 후 체에 걸러 육수를 준비합니다"", ""2. 애호박은 4등분, 양파 채썰고, 청양고추와 홍고추는 어슷 썰어 주세요"", ""3. 오징어는 몸통 안쪽에 사선으로 잔 칼집을 내고 적당히 썰어 주세요"", ""4. 볼에 양념 재료를 넣어주세요."", ""5. 오징어, 애호박, 양파를 넣어 골고루 버무려 주세요"", ""6. 콩나물 3줌정도 물에 씻어 준비해주세요."", ""7. 냄비에 포도씨유 1큰술을 두르고 양념 해 놓은 재료들을 넣어 중약 불에서 2분정도 볶아 주세요"", ""8. 멸치 육수 4컵정도 붓고 콩나물 넣어 주세요 뚜껑은 덮지 마세요~~"", ""9. 한소끔 끓으면 요로케 거품이 마구 마구 생기는데 싸악~걷어 내야 잡내가 안나고 국물이 시원합니다~ 8분정도 끓여주세요."", ""10. 청양고추와 홍고추 대파를 넣고 중약 불에서 2분정도 끓이면 완성~ 너무 오래 끓이면 오징어가 질겨지고 채소들도 숨이 다 죽어 맛이 없어요!""]","["""", """", """", """", """", """", """", """", """", """"]"
6870873,뜨끈한 국물이 생각날때! 참치감자찌개.,참치감자찌개,2.0,찌개,30.0,아무나,"{'감자': '220g 2개', '참치캔': '150g 1개', '양파': '1개', '고추장': '2숟가락', '고추가루': '1숟가락', '청양고추': '2개', '다진파': '2숟가락', '다진마늘': '1/2숟가락', '소금': '조금', '후추': '톡톡', '물': '3컵'}","[""1. 감자는 납작하면서 도톰하게 썰어주고, 양파는 도톰하게 썰고 청양고추와 대파는 송송 썰어 줍니다."", ""2. 참치캔 국물은 냄비에 넣어주고, 참치는 따로 준비합니다."", ""3. 참치국물에 감자를 볶아 줍니다."", ""4. 감자 모서리가 살짝 투명해지면 물3컵을 넣어주고, 고추장, 고추가루를 넣고 끓여 줍니다. 너무 센불에 끊이면 고추장이 여기저기 튀어서 난리도 아니에요 ㅎㅎ"", ""5. 감자가 반쯤 익으면 참치를 넣고 감자가 익을때 까지 끓여요. 다진마늘과 다진파, 양파를 넣고 한소끔 끓여 줍니다. 저는 느타리버섯이 있어서 조금 넣어주었어요."", ""6. 마지막 간은 소금간 해주시면 되구요. 저는 집고추장으로 해서 설탕 조금 넣어 주었어요. 고추장찌개는 달달해야 더 맛있더라구요."", ""7. 감자의 포근함과 얼큰함을 느낄수 있는 참치감자찌개 완성입니다.""]","["""", """", """", """", """", """", """"]"
6892088,넌깍둑썰기만해 ♥ 스팸짜글이,스팸짜글이,2.0,찌개,10.0,초급,"{'스팸': '200g', '양파': '1/4개', '감자': '1/4개', '두부': '1/4모', '애호박': '1/4개', '대파': '1/4대', '물': '2종이컵', '고추장': '2숟가락', '고춧가루': '1숟가락', '국간장': '1숟가락', '다진마늘': '1숟가락', '후춧가루': '1/2숟가락'}","[""1. 재료들은 모두 깍둑 썰어 준비한다."", ""2. 양념재료를 섞는다."", ""3. 냄비에 재료들을 모두 담고, 물을 붓고 끓인다. 냄비"", ""4. 섞은 양념을 넣고 끓여 완성한다.""]","["""", """", ""냄비"", """"]"
6837643,반찬 없을때~ [백종원콩나물찌개]정말 대박대박 맛있어요~♡,콩나물찌개,4.0,찌개,15.0,아무나,"{'콩나물': '1봉지', '돼지고기다짐육': '1컵', '양파': '1/2개', '표고버섯': '1줌', '청': '고추 또는 홍고추 2개', '파': '1컵', '식용유': '소주잔 1컵', '다진마늘': '1큰술', '새우젓': '1큰술', '간장': '1큰술'}","[""1. 먼저 고기를 준비해 주세요 (저는 앞다리살 사놓은게 있어서 적당한 크기로 썰어서 사용했어요 )"", ""2. 식용유 1컵(소주잔) 과 파1컵(종이컵) 을 넣고 파기름을 내줍니다."", ""3. 파가 어느정도 볶아지면 고기를 넣고 같이 볶아줍니다. (이때 향이 넘 좋아요^^ 그냥 집어먹고싶은 충동이..ㅋㅋ)"", ""4. 고기가 어느정도 볶아졌으면 고추가루1컵(소주잔)을 넣고 볶아주세요"", ""5. 고추가루가 들어가면 양념이 금방 타니 휘리릭 재빠르게 볶아주세요"", ""6. 콩나물을 올리고 살짝 물이 잠길정도로 부어주세요"", ""7. 저는 표고버섯 불린물도 같이 넣어줬어요."", ""8. 새우젓 한큰술 / 간장 한큰술 / 마늘 한큰술 넣어주시고 썰어놓은 고추도 넣어주세요.""]","["""", """", """", """", """", """", """", """"]"
6877051,대패 삼겹살 순두부 짜 글이 인기 메뉴,대패삼겹살순두부짜글이,3.0,찌개,15.0,아무나,"{'대패': '삼겹살 300g', '순두부': '1봉지', '양파': '1/2개', '느타리버섯': '1줌', '청양고추': '2개', '홍고추': '1개', '대파': '1대', '다진': '마늘 1T', '생강즙': '약간', '간장': '3T', '맛술': '2T', '설탕': '1t', '고춧가루': '2/3T', '고추장': '1T', '참기름': '1t', '후춧가루': '약간', '멸치다시마': '육수 1컵'}","[""1. 느타리버섯은 흐르는 물에 가볍게 헹궈 찢어주고 양파 대파 고추는 썰어 준비합니다 순두부는 반을 자른 후 그릇에 꺼내놓으면 편리해요"", ""2. 분량의 양념을 만들고 간장3,설탕1/2,고추장1,고춧가루2/3 넣어 섞어줍니다 참기름과 후춧가루는 마지막에 사용합니다"", ""3. 끓이기~냄비에 순두부와 양파 넣고"", ""4. 양념과 멸치 육수 1컵을 부은 후 끓여주어요 중불"", ""5. 순두부가 보글보글 끓으면 대패 삼겹살을 넣고 끓이고 중간중간 국물을 끼얹어주셔요~"", ""6. 삼겹살이 익을 즘 느타리버섯 대파 고추 넣어줍니다"", ""7. 보글보글 한소끔 끓여 불 끄고 마지막에 참기름 1t과 후춧가루 솔솔 뿌려주어요"", ""8. 느끼한 속을 확 날려주는 얼큰하고 맛있게 매운 대패 삼겹살 완성~""]","["""", """", """", ""중불"", ""중간중간 국물을 끼얹어주셔요~"", """", """", """"]"
6933928,깔끔담백!! 두부감자전골,두부감자전골,4.0,찌개,30.0,초급,"{'두부': '2모', '감자': '2개', '양파': '1개', '마늘': '10개', '청양고추': '5개', '대파': '조금', '멸치육수': '3컵', '간장': '8스푼', '고추가루': '3스푼', '청양고추가루': '1스푼', '설탕': '1스푼', '다진마늘': '1스푼', '맛술': '2스푼', '깨': '1스푼', '후추가루': '약간', '참기름': '1스푼'}","[""1. 원하는 크기로 감자썰기"", ""2. 원하는 크기로 양파썰기"", ""3. 원하는 크기로 마늘썰기"", ""4. 원하는크기로 고추썰기"", ""5. 두부는 네모모양으로 썰어주세요 너무얇게썰면 다 부서지니 적당한 두께로 썰어주세요"", ""6. 위의 재료로 양념장을 만들어 줍니다."", ""7. 후라이팬밑에 감자를 먼저 깔아주세요"", ""8. 그위에 두부를 올려주세요"", ""9. 양파 마늘 고추를 넣고 멸치육수 3컵을 넣어줍니다."", ""10. 양념장을 넣어줍니다"", ""11. 한번끓으면 불을 줄이고 중불에서 졸이듯이 끓여줍니다"", ""12. 감자가 익을정도가 되면 대파로 마무리해주세요"", ""13. 맛있게 드세요^^""]","["""", """", """", """", """", """", """", """", """", """", """", """", """"]"
6860647,삼겹살 순두부 짜글이,삼겹살순두부짜글이,2.0,찌개,30.0,아무나,"{'삼겹살': '350g', '순두부': '1봉지', '양파': '1/4개', '대파': '1대', '청양고추': '1개', '홍고추': '1/2개', '다진마늘': '1T', '다진생강': '약간', '고추장': '1T', '고춧가루': '1T', '설탕': '1t', '청주': '1T', '맛술': '1T', '참기름': '1t', '후춧가루': '약간', '간장': '진/양조간장 2T', '물': '50cc'}","[""1. 맛있는 우리돼지 삼겹살 준비하고요"", ""2. 삼겹살은 먹기좋은 크기로 자릅니다"", ""3. 대파 양파 청양고추 홍고추도 송송썰어 준비합니다"", ""4. 순두부는 볼에 담아 듬성듬성 자르고"", ""5. 돼지고기양념하기-전골냄비에 돼지고기를 한쪽으로 담아놓고 냄비를 약간기우려 물을 뺀 나머지 양념 모두 넣고 섞은 다음 고기에 버무려 양념이 배게 잠시둡니다"", ""6. 잠시 재운 돼지고기는 약불에 올리고"", ""7. 타지않게 뒤적거려 익혀주세요"", ""8. 고기가 반이상이 익으면 양파 대파를 넣고 고루익도록 섞어주고"", ""9. 고기가 다 익으면 물50cc를 붓고"", ""10. 순두부를 넣고 살살 섞어줍니다"", ""11. 순두부에 간이배면 불을 끄고 마무리합니다""]","["""", """", """", """", """", """", """", """", """", """", """"]"
6746224,차돌박이 감자 고추장찌개,차돌박이감자고추장찌개,2.0,찌개,30.0,초급,"{'감자': '', '애호박': '250g', '양파': '100g', '차돌박이': '혹은 불고기 150g', '다진마늘': '', '국간장': '1T', '참기름': '1t', '물': '4컵', '고추장': '3T', '된장': '1T', '고춧가루': '1T'}","[""1. 감자는 깍두기 모양으로 굵직하게 썰어주세요. 양파는 먹기좋은크기로 잘라주세요. 애호박은 1/4등분해줍니다."", ""2. 냄비에 차돌박이와 다진마늘 1t, 국간장 1T, 참기름 1t를 넣고 볶아줍니다."", ""3. 물 4C, 감자, 고추장 3T, 된장 1T를 넣고 15분 끓여줍니다. 끓이면서 거품이 뜨면 걷어주세요. (거품이 겉지 않으면 가장자리에 붙어 타기 때문이죠~ ) 애호박, 양파, 다진마늘 1T, 고춧가루 1T를 넣고 10분을 추가로 끓여주세요."", ""4. 송송 썬 청양고추 2개와 대파 1대를 넣어주시면 완성!""]","["""", """", """", """"]"
6881701,백선생 감자 짜글이 따라해보기,감자짜글이,3.0,찌개,15.0,초급,"{'감자': '3개', '양파': '1개', '스팸': '1통', '대파': '1뿌리', '청양고추': '2~3개', '고추가루': '2큰술', '고추장': '1큰술', '된장': '1/3T', '간장': '4큰술', '설탕': '1큰술', '다진마늘': '1큰술'}","[""1. 감자 양파 대파 청양고추를 준비해요"", ""2. 스팸은 유리볼에 넣고 뜨거운 물을 부어 불순물을 제거해서 준비해요 (조기조기 기름 둥둥 보이시죠~"", ""3. 이 요리에 젤 중요한 팁 스팸을 봉지에 넣고 마구 으깨어 주세요"", ""4. 요래요래~~^^"", ""5. 고춧가루 고추장 된장 설탕 간장 다진마늘을 분량대로 몽땅 넣고 대파랑 고추도 언제 넣을지 고민말고 모두 투하~~ ㅎㅎ"", ""6. 물 450ml를 넣고 골고루 잘 섞어주세요"", ""7. 센불에서 2~3분정도 끓이다 중불로 10분정도 끓여주세요 감자가 푹 익을정도로 바글바글 끓여주세요"", ""8. 간을보니 더 넣을것도 뺄것도 없이 딱 맛있네요""]","["""", """", """", """", """", """", """", """"]"
6922749,차돌박이 된장찌개 레시피ㅣ고깃집에서 먹던 바로 그 맛!ㅣ,차돌박이된장찌개,2.0,찌개,30.0,중급,"{'차돌박이': '120g', '두부': '1/2모', '애호박': '1/3개', '양파': '1/2개', '대파': '1/4개', '청양고추': '2개', '팽이버섯': '1/3개', '된장': '2큰술', '고추장': '1/2큰술', '국간장': '1/2큰술', '고춧가루': '1/2큰술', '다진': '마늘 1/2큰술', '해물다시팩': '1개'}","[""1. 재료를 준비 해주세요."", ""2. 양념을 준비 해주세요."", ""3. 양파를 8등분으로 썰어주세요"", ""4. 애호박도 비슷한 크기로 썰어주세요"", ""5. 파도 얇게 썰어주세요 찌개류는 파 뿌리에 가까운 몸통 쪽을 사용하셔야 잡내도 잡아주고 풍미도 깊어져요"", ""6. 청양고추도 송송 썰어주세요 매운 맛을 싫어하시거나 아이가 있는 가정은 생략하셔도 돼요"", ""7. 두부도 먹기 좋은 크기로 썰어주세요"", ""8. 팽이버섯은 밑동만 잘라주세요"", ""9. 뚝배기나 냄비에 물 500ml를 부어주세요"", ""10. 저는 해물다시팩을 사용했는데, 쌀뜨물을 사용하시거나 다시마, 멸치 등으로 육수를 만드셔도 돼요"", ""11. 육수가 충분히 우러나면 해물다시팩을 건져냅니다"", ""12. 그리고 된장 2큰술을 풀어줍니다"", ""13. 고추장도 1/2큰술 풀어줄게요"", ""14. 물이 끓어오르면 애호박과 양파를 넣어주세요"", ""15. 그리고 이 때 간을 한 번 보시고 국간장을 넣어주세요 약간 짭짤하다 싶어야 밥과 함께 먹었을 때 간이 맞답니다"", ""16. 이어서 고춧가루 1/2큰술과 다진마늘 1/2큰술도 넣어줄게요"", ""17. 찌개가 한 번 더 끓어오르면 두부와 차돌박이를 넣어주세요 차돌박이는 키친타올로 핏기만 제거했어요"", ""18. 중간 중간 기름과 거품을 걷어 내주세요"", ""19. 차돌박이가 거의 익었다 싶으면 마지막으로 팽이버섯과 파, 고추를 넣어주세요"", ""20. 차돌박이 된장찌개 완성!"", ""21. 된장과 고추장의 조합으로 깊으면서도 감칠맛이 나고 차돌박이의 담백함이 그대로 느껴지는 맛이에요~!"", ""22. 유튜브 구독은 정말 큰 응원이 됩니다! 부탁드려요! ♥ 집밥한그릇 구독링크♥ http://bit.ly/2QnUGbz""]","["""", """", """", """", """", """", """", """", """", """", """", """", """", """", """", """", """", """", """", """", """", """"]"
3993753,칼칼한 애호박 돼지고기찌개,애호박돼지고기찌개,4.0,찌개,30.0,중급,"{'돼지고기': '앞다리살 680g', '애호박': '1/2개', '양파': '1개', '대파': '1뿌리', '식용유': '1큰술', '물': '적당량', '고춧가루': '2큰술', '맛술': '1큰술', '다진': '마늘 1큰술', '조선간장': '2.5큰술', '소금': '약간'}","[""1. 돼지고기 앞다리살은 먹기 좋은 크기로 썰어줍니다. 돼지고기는 기름기가 적은 앞다리살로 준비했어요."", ""2. 애호박은 흐르는 물에 씻은 후 먹기 좋은 크기로 썰어줍니다."", ""3. 대파와 양파, 마늘은 껍질을 벗겨 씻은 후 대파는 어슷 썰고 양파는 채 썰고 마늘은 다져줍니다."", ""4. 달군 냄비에 식용유를 두르고 돼지고기를 넣고 볶다가 고춧가루를 넣어 볶아줍니다."", ""5. 그리고 대파와 양파를 넣어 볶아줍니다."", ""6. 고기가 어느정도 익으면, 애호박을 넣어 함께 볶다가 조선간장, 맛술을 넣어 볶아줍니다. 돼지고기의 누린내를 제거하기 위해서 맛술을 조금 넣어 주었어요."", ""7. 물을 붓고 돼지고기가 익을 때까지 끓이다가 다진 마늘을 넣어 한소끔 끓인 후 소금으로 간을 맞춰 주면 완성입니다.""]","["""", """", """", """", """", """", """"]"
6833358,백주부표 얼큰 콩나물 찌개로 밥한공기 뚝딱!^^,콩나물찌개,4.0,찌개,30.0,초급,"{'콩나물': '1/2냄비', '돼지고기': '1컵 200g 1종이컵', '양파': '1/2개', '물': '4종이컵', '고추가루': '1소주컵', '간장': '1/2소주컵', '새우젓': '또는 멸치액젓 1/2소주컵', '대파': '1~2대', '마늘': '1스푼', '청양고추': '1개'}","[""1. 양파반개 채썰어 준비하구요,청양고추랑 대파 1대도 쫑쫑 썰어 주세요, 나머지 1대는 찌개가다 끓으면 넣어주게 듬성듬성 썰어주세요,"", ""2. 콩나물도 깨끗이 씻어주구요,"", ""3. 식용유 한두숟갈 두르고 쫑쫑썬 파로 파기름을 만들어주세요, 달달 볶아 주시면 되요^^"", ""4. 파향이 나면 돼지고기를 넣고 중간불에 볶아주세요, 하얗게 익도록!"", ""5. 볶은 돼지고기에 고추가루 소주 한컵을 붓고 볶습니다."", ""6. 고추가루가 돼지고기에 골고루 베도록 볶으면 되요, 고추가루가 타지 않게 약불에!"", ""7. 다 볶아지면 콩나물을 넣고 물 4컵을 부어주구요 ,"", ""8. 양파도 넣어주구요, 표고버섯도 있으면 채썰어 넣어주면 맛나요, 그리고 뚜껑을 덮고 자글자글 끓을때까지 센불에 두세요!중간에 뚜껑 열지 마시구요^^"", ""9. 자글자글 끓으면 중불에 간장이랑 마늘이랑 새우젓(혹은 멸치액젓)이랑 넣고 간을 맞추며 우루루 끓이구요 !"", ""10. 다 끓으면 듬성듬성 썬 대파랑 청양고추를 넣어 한번 더 우르르 끓이면 됩니다."", ""11. 콩나물에 간이 제대로 배고 국물이 진국이라 정말 얼큰하고 맛나요.밥한공기 뚝딱이에요^^""]","["""", """", """", """", """", """", """", """", """", """", """"]"
6837933,참치 고추장찌개 하나면 한그릇 뚝딱이죠,참치고추장찌개,3.0,찌개,30.0,초급,"{'참치': '150g 1캔', '양파': '1개', '감자': '작은것기준 2개', '대파': '1/2개', '청양고추': '1개', '홍고추': '1개', '두부': '조금', '물': '400ml', '고추장': '1큰술', '설탕': '0.5스푼', '다진마늘': '1스푼', '국간장': '1스푼', '맛술': '1스푼'}","[""1. 채소들을 먹기 좋게 잘라 준비해주세요."", ""2. 감자와 양파를 먼저 담고 참치 150g 1캔을 모두 넣어주세요. 참치 기름까지 몽땅이요 !!"", ""3. 양념재료를 넣고 물 400ml 를 넣어 끓여주세요. 고추장 1큰술 , 고추가루 1스푼 , 국간장 1스푼 , 다진마늘 1스푼 , 맛술 1스푼 , 설탕 0.5스푼 넣어주었는데요. 보시다시피 고추장은 보통의 2스푼의 양이라는요 >. < 우헷 부족한 간은 후에 간장과 소금으로 맞춰주시면 되니 딱 요정도만 넣어 주세요."", ""4. 양념장을 골고루 잘 풀어서 바글바글 끓여주세요. 감자가 제대로 익어줘야 하니깐요 국물이 조금 ~ 줄게 끓여주면 되요."", ""5. 두부는 굳이 들어가지 않아도 괜찮은데요. 남아있는 두부가 있어서 조금 넣어주었어요. 1/4모쯤 될거에요. 양념베이면 두부도 참 맛나거든요 ㅎㅎ"", ""6. 대파와 청양고추 , 홍고추를 넣어 좀 더 바글바글 끓여주시면 완성이에요. 간이 부족하시면 간장과 소금으로 !""]","["""", """", """", """", """", """"]"
6856336,고깃집에서 맛보던 쌈장찌개! 고깃집 쌈장찌개,쌈장찌개,4.0,찌개,30.0,초급,"{'양파': '1/2개', '애호박': '1/4개', '두부': '1/2모', '대파': '10cm', '청고추': '1개', '홍고추': '1개', '물': '500ml 2.5컵', '다시마': '10x10cm 1장', '쌈장': '2T', '된장': '1T', '고추장': '1/2T', '다진마늘': '1/2T'}","[""1. 찌개양념장을 만든다. [찌개양념장] 쌈장 2T, 된장 1T, 고추장 1/2T, 다진마늘 1/2T"", ""2. 뚝배기에 물 2 1/2C=500ml+다시마 1장=10X10cm를 넣고 10분간 우린다. 뚝배기"", ""3. 다시마를 건져낸 뒤 양파를 넣고 센 불로 끓인다. 양파 1/2개 센불"", ""4. 끓어오르면 중간 불로 줄인 뒤 찌개양념장을 풀고 애호박을 넣고 끓인다. 애호박 1/4개 중간불"", ""5. 다시 한 번 끓어오르면 두부와 대파, 고추를 넣고 한소끔 더 끓여 마무리. 두부 1/2모, 대파 10cm, 청고추 1개, 홍고추 1개""]","[""[찌개양념장] 쌈장 2T, 된장 1T, 고추장 1/2T, 다진마늘 1/2T"", ""뚝배기"", ""양파 1/2개"", ""애호박 1/4개"", ""두부 1/2모, 대파 10cm, 청고추 1개, 홍고추 1개""]"
6864685,참치두부찌개,참치두부찌개,2.0,찌개,30.0,아무나,"{'두부': '1모', '참치': '작은캔 1캔', '양파': '1/2개', '대파': '고춧가루 3~4T', '간장': '3T', '올리고당(설탕)': '1T', '다진마늘': '1T', '맛술': '1/2T', '후추': '약간'}","[""1. 고춧가루 3~4T, 간장 3T, 올리고당(설탕)1T, 다진마늘 1T ,맛술 0.5T, 후추약간 매콤하게 드시려면 청양으로,, 저는 고춧가루 3T만 넣었어요 (매운거 잘 못 먹는 수유부라,,,)"", ""2. 참치는 기름 꽉 짜서 뜨거운 물에 한번 헹궈 주면 더 좋아요,"", ""3. 채 썬 양파에 참치 양념장을 골고루 올려주세요"", ""4. 두부는 1.5cm 정도로 썰어주세요 한 모 기준 14조각"", ""5. 두부 위에도 남은 양념장을 올린 후 물 2컵~ 2컵반을 부어 끓여 주세요"", ""6. 마지막으로 대파를 썰어 주고 부족한 간은 소금으로,,"", ""7. 간단하고 맛 좋은 두부요리 급하게 저녁 찌개 끓여야 할 때 강추해요!!""]","["""", """", """", """", """", """", """"]"
5308915,비빔두부 찌개 만들기,두부찌개,,찌개,15.0,초급,"{'두부': '1모', '김치': '조금', '베이컨': '3줄', '파': '조금', '다진마늘': '조금', '멸치가루': '1/3스푼', '소금': '조금', '후추': '조금', '고추가루': '1스푼', '국간장': '1스푼', '기름': '조금'}","[""1. 연휴동안 장을 안봤으니 냉장고는 텅텅텅 냉장고 터줏대감 두부님이 계시네요. 김치송송과 베이컨 3줄 다진마늘 파 두부1모를 준비해 주세요."", ""2. 두부를 한손에 불끈 잡아주세요. 그리고 사정없이 으깨 주세요."", ""3. 이제 냄비에 기름 조금만 두르고 볶아 주세요. 베이컨이 들어가니 기름은 많이 넣지 않으셔도 되요. 달달달~"", ""4. 볶아진 김치에 물을 넣어주세요. 물은 많이 넣지 마세요. 자박자박 하게 물이 많지 않아야 비비기 좋아요^^ 그리고 멸치가루도 1/3스푼 넣어 주세요. 보글보글 지글지글~ 김치와 베이컨이 끓어주면 으깬 두부를 넣어주세요."", ""5. 고추가루도 한스푼 넣어주시고요~ 소금과 국간장을 넣어 간을 맞춰 주세요. 후추도 톡톡 조금 넣어주세요. 국끓일때 적절히 국간장이 들어가면 맛있지요~ 소금만 넣은것보다 감칠맛도 나고요~^^"", ""6. 파송송과 다진마늘을 넣어 마무리~ 보글보글 지글지글~ 그럼 완성!""]","["""", """", """", """", """", """"]"
6870102,순두부 애호박찌개 끓이는 법,순두부애호박찌개,2.0,찌개,15.0,아무나,"{'순두부': '1봉', '애호박': '1/3', '양파': '작은거 1', '멸치다시육수': '', '국간장': '2큰술', '다진마늘': '1큰술', '해산물': '톡톡'}","[""1. 우선 순두부 요리 할때는 순두부가 쉽게 깨지기 때문에미리 꺼내 놓고 물을 빼내면 순두부가 단단해져서 조리가 쉬워지니 미리 꺼내 놓아 주세요. 그냥 포장지만 벗겨 접시에 놓아 주기만 하면 시간이 지나면서 물이빠져요^^"", ""2. 멸치다시마 육수를 내어 줄건데요 3-4국그릇정도 물을 넉넉히 부어주고, 다시마 2장 몇치 한줌 넣어 끓여 줍니다. 다시마는 물이 끓기 시작한 후 5분이 지나면 건져내어주세요"", ""3. 양파는 채썰고, 애호박은 반달모양으로 채썰어주고, 집에 바지락이나 새우가 있으면 꺼내 주세요. 저는 새우 손질하고 냉동실에 넣어 두었던게 있어서 새우를 활용했어요 ㅎ 버섯 있으면 버섯도 채썰어 넣어주세요 애호박 손질법 레시피"", ""4. 멸치다시마 육수에 손질해 두었던 야채, 새우, 조개를 모두 넣고"", ""5. 국간장 2큰술, 다진마늘 1큰술 넣고 팔팔 끓여 주세요"", ""6. 미리 물을 빼 놓았던 순두부를 넣고 팔팔 끓여줍니다. 부족한 간은 소금으로 해주면 끝!""]","["""", """", ""애호박 손질법 레시피"", """", """", """"]"
6867165,봄 향기가 가득한~ 냉이된장찌개,냉이된장찌개,4.0,찌개,30.0,아무나,"{'냉이': '100g 1줌', '두부': '300g 1모', '양파': '1/2개', '애호박': '1/4개', '대파': '10cm', '멸치다시마육수': '600ml', '된장': '2T', '국간장': '1T', '고춧가루': '1T', '다진마늘': '1T', '청양고추': '1개'}","[""1. 냉이는 손질하여 듬성듬성 썰어 준비한다. 냉이 1줌(100g) 냉이 손질법 레시피"", ""2. 애호박은 반달 썰고 대파는 어슷 썰고 양파와 두부는 깍둑썰기하여 준비한다. 두부 1모(300g), 양파 1/2개, 애호박 1/4개, 대파 10cm"", ""3. 냄비에 육수를 넣고 된장을 풀어 넣는다. 멸치다시마육수 600ml, 된장 2T 냄비"", ""4. 육수에 애호박, 양파를 넣고 한소끔 끓인다."", ""5. 국간장, 고춧가루, 다진 마늘을 넣고 간을 하고 손질한 냉이를 넣는다. 국간장 1T, 고춧가루 1T, 다진마늘 1T"", ""6. 두부를 넣은 후 한소끔 끓인 후 대파, 청양 고추를 넣어 완성한다. 청양고추 1개""]","[""냉이 1줌(100g)"", ""두부 1모(300g), 양파 1/2개, 애호박 1/4개, 대파 10cm"", ""멸치다시마육수 600ml, 된장 2T"", """", ""국간장 1T, 고춧가루 1T, 다진마늘 1T"", ""청양고추 1개""]"
6886747,백종원 감자짜글이찌개 스팸과 환상궁합,감자짜글이찌개,2.0,찌개,15.0,초급,"{'스팸': '200g', '감자': '2개', '양파': '1개', '홍고추': '1개', '청양고추': '2개', '대파': '1/2개', '고춧가루': '2큰술', '고추장': '1큰술', '된장': '1/3큰술', '간장': '2큰술', '설탕': '1큰술', '마늘': '1큰술', '물': '2컵'}","[""1. 야채는 먹기 좋게 썰어서 준비"", ""2. 스팸은 일회용 비닐에 넣어 조물조물~"", ""3. 분량에 양념재료로 양념장을 만들기"", ""4. 모든 재료와 양념을 넣고 물 두 컵 넣어 끓여주면 된다"", ""5. 팔팔 끓이기 감자가 익을 때까지 끓여주기 중간에 맛을 보니 역시나 맛있다 전에도 몇 번 만들어 봤지만 내 입맛에는 간장 두 큰 술이 딱 좋아~"", ""6. 국물이 졸여지면 조금 짜질 수 있다 그럼 물 조금 더 넣어 입맛에 맞게~ 입맛에 맞게 간장으로 간을 조절한다""]","["""", """", """", """", """", """"]"
6833426,국물맛이 끝내주는 꽃게된장찌개,꽃게된장찌개,4.0,찌개,30.0,초급,"{'꽃게': '4마리', '무': '', '양파': '', '애호박': '', '대파': '', '된장': '2큰술', '고추장': '1큰술', '다진': '마늘 1큰술', '고춧가루': '1큰술', '맛술': '1큰술', '소금': '조금'}","[""1. 꽃게 손질하는 법은 꽃게가 파닥거려 무서버서 도저히 찍질 못하고 깨끗하게 손질한 꽃게를 찍었는데요 먹기 좋게 4등분으로 잘라 주세요~ 꽃게 손질법 레시피"", ""2. 물은 6컵정도 붓고 끓인 다음 무를 넣고 된장 1큰술과 고춧가루 1큰술을 넣고 끓여 주세요 좀 더 구수한 맛을 원하시면 된장을 더 넣으시면 됩니다~"", ""3. 애호박과 양파도 미리 썰어 주고"", ""4. 무가 반쯤 익었을때 손질한 꽃게와 양파 애호박을 넣고 끓이세요. 고추장 1큰술도 넣어서 풀어 주시구요~"", ""5. 끓기 시작하면 거품이 나오는데요. 거품을 싸악~걷어내야 국물이 깨끗하고 훨씬 더 시원한 맛을 낼 수 있습니다. 요때 맛술 1큰술 넣으면 비린 맛을 없앨 수 있어요."", ""6. 거품을 걷어 낸 뒤 다진마늘 1큰술, 대파를 넣고 한소끔 끓으면 시원하고 구수한 꽃게된장찌개 완성입니다. 간을 봐서 싱거우면 소금으로 간하세요~""]","[""꽃게 손질법 레시피"", """", """", """", """", """"]"
6891796,참치두부짜글이찌개 밥도둑 인정,,,찌개,,,"{'두부': '1모', '양파': '1/2개', '참치': '작은거 1캔', '대파': '1/2뿌리', '깨소금': '조금', '고추가루': '2.5스푼', '맛술': '2스푼', '다진마늘': '1스푼', '간장': '3스푼', '매실': '2스푼', '후추': '조금', '참기름': '1스푼'}",[],[]
6912664,아침에 후딱 끓여 낸 새우젓 순두부찌개,새우젓순두부찌개,1.0,찌개,15.0,초급,"{'다진마늘': '1큰술', '양파': '1/2개', '대파': '1대', '참기름': '1큰술', '식용유': '1큰술', '고추가루': '2큰술', '순': '두부 400g', '새우젓': '1큰술', '다시마': '멸치육수 2컵', '계란': '취향껏'}","[""1. 냄비에 다진마늘 1큰술, 양파 1/2개를 굵직하니 다져 넣고 대파 흰부분 1대를 송송 썰어 넣고 참기름 1큰술, 식용유 1큰술로 볶아 줍니다."", ""2. 그리고 고추가루 2큰술을 넣고 타지않게 볶아 줍니다."", ""3. 순두부 400g, 새우젓 1큰술을 넣어줍니다."", ""4. 다시마 멸치육수 2컵을 붓고 끓여 줍니다."", ""5. 국물이 우러나게 끓으면 마지막으로 대파 초록부분을 쏭쏭 썰어 넣고 끓여 주세요."", ""6. 개인 작은 뚝배기에 끓인 순두부찌개를 덜어 담고 끓여 계란 1개를 넣어 줍니다."", ""7. 계란을 넣고 한번 바글 끓으면 불을 끄고 완성합니다.""]","["""", """", """", """", """", """", """"]"
6888310,그리운 손맛이 생각날때는♥달래된장찌개,달래된장찌개,2.0,찌개,30.0,초급,"{'달래': '1줌', '애호박': '1/4개', '두부': '1/2모', '양파': '1/4개', '대파': '1/2대', '청양고추': '1개', '물': '500ml', '멸치': '5마리', '다시마': '5cm 2개', '된장': '2숟가락', '고춧가루': '1숟가락', '다진마늘': '1/2숟가락'}","[""1. 달래, 애호박, 양파, 두부는 한입 크기로 자르고 대파 청양고추는 송송 썰어 준비한다."", ""2. 냄비에 멸치, 다시마를 넣고 물 500ml 약 10분간 끓인 후 건진다. 냄비"", ""3. 육수에 된장을 풀고 양파, 애호박을 넣어 한소끔 끓인다."", ""4. 두부, 고춧가루, 청양고추, 다진 마늘, 대파를 넣어 한소끔 더 끓인다."", ""5. 달래를 올려 1분만 더 끓여 완성한다.""]","["""", ""냄비"", """", """", """"]"
6877989,[간단 자취요리] 육수 없이! 시판 양념장 없이! 초간단 순두부찌개 만들기,순두부찌개,1.0,찌개,15.0,아무나,"{'순두부': '1팩', '양파': '1/2개', '대파': '1줌', '물': '250ml', '간장': '2T', '굴소스': '1T', '고춧가루': '3T', '설탕': '1/3T', '해물믹스': '', '청양고추': ''}","[""1. 먼저 양파를 칼집낸 뒤 썰어주세요."", ""2. 대파도 쫑쫑쫑 썰어줍니다."", ""3. 팬에 기름을 넉넉히 두르고 양파, 대파를 볶아줍니다. 약불"", ""4. 나머지 양념과 물을 넣어주세요."", ""5. 순두부도 넣어줍니다."", ""6. 숟가락으로 뚝뚝 대충 잘라주세요."", ""7. 보글보글 끓여줍니다.""]","["""", """", ""약불"", """", """", """", """"]"
5566805,두부 참치찌개,두부참치찌개,3.0,찌개,30.0,초급,"{'두부': '1모', '참치': '1캔', '콩나물': '1줌', '고추': '1개', '대파': '1/2개', '고추장': '1큰술', '고추가루': '1큰술', '다진마늘': '1큰술', '후추가루': '적당량', '설탕': '1작은술', '물': '2컵', '소금': '약간'}","[""1. 냄비에 물을 붓고 고추장 1큰술, 고추가루 1큰술, 다진마늘 1큰술, 후추가루 적당량, 설탕 1작은술을 넣고 끓여주세요."", ""2. 참치 1캔 다 집어 넣구요. 두부도 넓게 슬라이스 하셔서,찌개에 넣어주세요."", ""3. 콩나물도 넣어주시고요, 여기서 콩나물은 뚜껑을 열려면 쭉열고 조리 하셔야 하고 닫으려면 아예 비린내 안날 때까지 닫고 있다 열어야 합니다.~~"", ""4. 고추랑 대파 슬라이스 올려서 그냥 끓여주시면 끝이에요. 만약 싱거우면 소금간 살짝만 하세요.""]","["""", """", """", """"]"
6869645,뚝딱 만들어도 밥도둑~~두부명란젓찌개~,두부명란젓찌개,2.0,찌개,15.0,아무나,"{'명란젓': '굵은걸로 3개', '두부': '220g 1/4모', '청양고추': '1개', '국물멸치': '7마리', '양파': '작은거 1/2개', '고춧가루': '1-2스푼'}","[""1. 뚝배기에 물 2컵을 넣고 손질한 멸치를 넣어 물이 끓으면 3-5분정도 약불에서 끓여주세요"", ""2. 육수가 끓는동안 재료를 준비합니다.두부랑 양파는 깍뚝썰기,청양고추는 어슷썰기로 썰어주세요.명란젓은 잘라서 넣으셔두 되고,먼저 끓인후 자르셔두 됩니다.편하신대로 하셔요.(명란젓 사진엔 2개죠?하나 더 추가했어요)"", ""3. 멸치를 건져내고 양파를 넣어 한소끔 끓입니다"", ""4. 2에 명란젓을 넣고 팔팔 끓으면 조심조심 가위로 듬성듬성 잘라줍니다(명란젓을 잘라서 넣으셔두 됩니다)"", ""5. 3에 두부,고춧가루를 넣고 한소끔 끓여줍니다(고춧가루는 입맛에 맞게 넣어주세요)"", ""6. 4에 청양고추를 넣고 한소끔 끓여주면 완성~(매운맛 좋아하시면 청양고추 더 추가하세요) 간은 따로 하지않아도 짭쪼름하답니다^^""]","["""", """", """", """", """", """"]"
6906626,돼지고기 감자 짜글이,돼지고기감자짜글이,2.0,찌개,15.0,아무나,"{'돼지고기': '(앞다리살) 100g', '감자': '1개 100g', '양파': '40g 1/4개', '대파': '40g 1/3대', '물': '200ml', '청양고추': '1개', '식용유': '3큰술', '고추가루': '1큰술', '설탕': '1/2큰술', '다진마늘': '1큰술', '참치액': '1큰술', '간장': '1/2큰술', '고추장': '1/2큰술', '집된장': '1큰술', '후추': '약간'}","[""1. *돼지고기는 한입크기로 썰어주세요. *고추가루 1큰술,설탕 1/2큰술,다진마늘 1큰술,참치액 1큰술,간장 1/2큰술,고추장 1/2큰술,집된장1큰술,후추약간을 넣고 버무려주세요."", ""2. *감자는 반으로 자른후 납작썰고, *양파,대파,청양고추는 적당한크기로 썰어주세요."", ""3. 냄비에 식용유를 두르고, 대파와 양파를 넣고 볶아주세요."", ""4. 감자를 넣고 볶아주세요( 중불)"", ""5. 양념한 돼지고기를 넣고 볶아주다가"", ""6. 물 200ml 넣고 끓여주세요. (10분정도) 감자가 익었으면"", ""7. 청양고추를 넣고 한소큼 끓여주세요."", ""8. 완성그릇에 담아주세요.""]","["""", """", """", """", """", """", """", """"]"
6866927,대패된장찌개 - 집밥백선생3 대패삼겹살된장찌개,대패삼겹살된장찌개,3.0,찌개,60.0,아무나,"{'대패삼겹살': '2줌', '물': '적당량', '된장': '3스푼', '간마늘': '1스푼', '고춧가루': '1스푼', '감자': '1개', '양파': '1/2개', '느타리버섯': '1줌', '애호박': '1/2개', '두부': '1/2개', '대파': '1/2대', '청양고추': '2개', '홍고추': '2개'}","[""1. 냄비에 대패삼겹살 2줌을 담고 불을 껴줍니다."", ""2. 그리고 삼겹살이 잠길 정도로 물을 부어주세요"", ""3. 여기에 된장 2숟가락을 넣고 끓여 줍니다."", ""4. 고기 육수가 끓고 있는 동안 된장찌개에 넣을 채소를 준비합니다. 감자,양파,호박,두부는 깍두썰기로 준비했고요. 대파,청양고추,홍고추는 송송 썰어 준비"", ""5. 된장찌개 간을 보고 싱겁다 싶으면 된장1숟가락을 넣어 짭쪼롬하게 간을 맞쳐줍니다. 채소가 들어가면 싱거워지니깐~ 간맞추기가 되면 딱딱한 감자 그리고 단맛을 내는 양파를 넣어 주고"", ""6. 다진마늘1 숟가락 넣고  보글 보글 끓여 줍니다."", ""7. 감자가 거의 다 익으면 남겨두었던 채소를 몽땅 다 넣어주세요. (느타리버섯,호박,대파,고추,두부)"", ""8. 맛깔스러운 색깔을 위해 고춧가루1을 넣어주고"", ""9. 충분히 끓여 마무리 해주심 됩니다. 된장찌개는 오래 끓일수록 맛이 좋아요."", ""10. 백종원 대패삼겹살된장찌개 완성""]","["""", """", """", """", """", """", """", """", """", """"]"
6874251,돼지짜글이 만들기 너 정말 맛있구나?,돼지고기짜글이,2.0,찌개,30.0,초급,"{'돼지고기': '앞다리살 300g', '감자': '1개', '두부': '1/3모', '양파': '中 1/2개', '고추': '2개', '대파': '1대', '고추장': '3스푼', '고추가루': '1.5스푼', '간장': '2스푼', '다진마늘': '1스푼', '설탕': '1스푼', '맛술(소주)': '2스푼', '후추가루': '약간'}","[""1. 돼지고기 앞다리살300g을 준비해서 밑간양념을 버무려줍니다."", ""2. 30분정도 후에 돼지고기를 기름살짝 두르고 볶아주세요."", ""3. 돼지고기를 볶다가 감자1개를 썰어서 같이 볶아주세요."", ""4. 물을 넣고 팔팔 끓여주세요. 감자가 반정도 익어가면 두부3분의1모, 양파반개를 깍뚝설기해서 넣어주세요. 다시 끓으면 불을 중불로 졸이듯이 끓여주시면 됩니다."", ""5. 마지막으로 고추2개, 대파 1대를 썰어서 넣고 한번 끓여주면 끝입니다~""]","["""", """", """", """", """"]"
5577696,육수없이 끓이는 매운된장찌개,된장찌개,2.0,찌개,15.0,초급,"{'두부': '1모', '고추': '1개', '대파': '1/2개', '양파': '1/2개', '쌀뜨물': '', '된장': '2큰술', '다진마늘': '1큰술', '고추장': '1큰술', '참기름': '적당히', '고추가루': '1/2큰술'}","[""1. 우선 뚝배기를 뜨겁게 달궈줍니다. 된장 2큰술, 다진마늘 1큰술, 고추장 1큰술, 참기름 적당히, 고추가루 반큰술를 뚝배기에 넣고 바짝 볶아줍니다."", ""2. 양념을 볶고 쌀뜨물을 붓는데 반드시 세번에 나누어서 부어주세요. 쌀드물 넣은 뒤 뚝배기 반정도 물이 올라오면 깍뚝 썰어놓은 양파와 청양고추도 넣어주세요."", ""3. 그리고 두부를 손으로 뜯어서 넣고 대파를 넣어 마무리합니다.""]","["""", """", """"]"
6871912,【이열치열】간단 순두부찌개 만들기~,순두부찌개,2.0,찌개,15.0,아무나,"{'다진돼지고기': '5T', '순두부': '1봉지', '양파': '1/2개', '대파': '1/2줄기', '땡초': '3개', '호박': '3cm', '계란노른자': '생략가능 1개', '맛술': '2T', '참기름': '1T', '식용유': '1T', '고춧가루': '3~4T', '국간장': '1T', '다진마늘': '1T', '새우젓': '1T', '후추': '3번', '도마': '', '조리용나이프': '', '뚝배기': '', '요리스푼': ''}","[""1. (2인분 가로18센티, 세로7센티 짜리 뚝배기 기준 입니다) 대파반줄기,양파반개는 잘게 썰어 주시고 호박 3센티랑 땡초는 먹기 좋게 썰어 주세요~"", ""2. 뚝배기에 식용유한스푼, 참기름한스푼 넣고 대파를 약불로 볶아 주세요~"", ""3. 돼지고기는 맛술2스푼 넣고 잡내를 없애주시고 이때같이 넣어 볶아 주셔요~(전 돼지고기 다섯스푼 넣었어요)"", ""4. 그다음 마늘 한스푼, 국간장한스푼 넣고 계속 약불로 볶아 주시다가"", ""5. 잘게 썰은 양파도 넣고 고기가 어느정도 익으면"", ""6. 뚝배기라서 탈수 있으니 불을 끄시고 고춧가루 3~4스푼 취향껏 넣으셔서 볶아 주시다가"", ""7. 다시 불을 켜서 물은 뚝배기 반만 넣어 주시구요~~^^"", ""8. 새우젓 한스푼 넣고 뽀글뽀글 끓여 주시다가 (나중에 모지란간은 새우젓으로 해주심 됩니다)"", ""9. 호박이랑 땡초는 취향껏 넣고~후추3번 톡톡 넣어주세요 (저는 칼칼한맛을 위해 땡초 3개랑 호박 3센티 넣었어요ㅎㅎ)"", ""10. 마지막으로 순두부를 봉지채로 칼로 3등분 썰어 쏙쏙 털어 넣어 주세요ㅎ (냉장고 냉기를 쌔게 해놨더니 순두부 끝이 살짝 얼었다가 녹아서 쪼글쪼글 해졌네요^^,;)"", ""11. 뽀글뽀글 끓이시다가 노른자 하나 톡 (생략가능)넣어 주심 끝이에요~ ^~^ 얼큰하고 보들보들한 순두부에 정말 흡입수준으로 먹은거 같아요~ㅎㅎ☞☜ 바지락 순두부찌개 바로가기 ☞""]","["""", """", """", """", """", """", """", """", """", """", """"]"
6863720,'요리' 돼지고기 고추장찌개 / 올리브쇼 레시피,돼지고기고추장찌개,1.0,찌개,15.0,아무나,"{'고추장': '1숟가락', '간장': '2숟가락', '다진마늘': '1숟가락', '꿀': '1숟가락', '돼지고기': '', '두부': '', '호박': '', '깻잎': '', '파': '', '청양고추': '', '양파': ''}","[""1. 양념부터 만들기(고추장 푸짐하게 한스푼, 다진마늘1, 간장2, 꿀1)"", ""2. 고기에 허브맛솔트로 간을 살짝해서 볶아주다가"", ""3. 소주로 돼지잡내잡아내고 양파도 넣어 볶다가"", ""4. 물 더 부어주고 양념장 붓고"", ""5. 보글보글 끓으면 두부랑 청양고추, 호박넣고"", ""6. 깻잎이랑 파 넣고"", ""7. 보글보글 마저 끓이면"", ""8. 끝^^""]","["""", """", """", """", """", """", """", """"]"
6884636,부대찌개 양념 만드는법 홀릭되는 맛임,부대찌개,2.0,찌개,30.0,초급,"{'김치': '1줌 1/4밥그릇', '비엔나': '20개', '스팸': '1개', '두부': '1/3모', '떡': '1줌', '대파': '10센티 4개', '홍고추': '2개', '청양고추': '큰거 2개', '사골곰탕': '1봉지', '된장': '1/2큰술', '고추가루': '4큰술', '마늘': '2큰술', '국간장': '2큰술', '설탕': '1/2큰술', '물': '1/2소주컵', '이쁜접시': '', '전골냄비': '', '부르스타': ''}","[""1. 고추는 어슷썰고 두부는 한입크기로 썰어주세요."", ""2. 스팸은 반드시 얇게 잘라주세요. 두꺼우면 국물 맛이 제대로 안 배고 맛이 따로 놀아요. 비엔나는 사선으로 잘라주세요."", ""3. 떡은 너무 많이 넣으면 국물이 텁텁해지므로 반드시 1줌만 넣어주세요."", ""4. 김치도 많이 넣으면 김치맛이 많이 나요. 적당한 밸런스가 중요한데요. 밥공기 1/4 넣어주세요."", ""5. 된장반큰술,고추가루 4큰술(듬뿍), 마늘2큰술, 국간장2큰술, 설탕반큰술, 물 소주컵 반컵을 섞어주세요."", ""6. 두부, 햄, 떡을 테두리에 두르고 김치는 가운데 넣어주세요."", ""7. 양념장 올려주세요."", ""8. 사골곰탕 육수를 1봉지 붓고"", ""9. 물 보충을 해주세요."", ""10. 대파와 청양고추 홍고추 모두 올려주세요."", ""11. 이제 팔팔 끓입니다."", ""12. 청양고추와 대파가 어우러져 매콤한 향이 올라와요. 냄새부터 다르답니다."", ""13. 부대찌개 만드는법 이대루 하면 반드시 성공!"", ""14. 라면은 먹다가 나중에 추가해서 먹어도 되구요~ 저는 팔팔 끓인 후 바로 넣어줬어요."", ""15. 라면을 끓이려면 국물이 여유가 있어야 해요. 라면 넣기 전 육수가 너무 졸았다면 물 보충을 해주고 끓이세요."", ""16. 짜잔 요 정도 국물이어야 맛있답니다."", ""17. 칼칼하면서 진한 맛이랍니다. 부대찌개 완성!""]","["""", """", """", """", """", """", """", """", """", """", """", """", """", """", """", """", """"]"
6863103,[간단 자취요리] 꿀팁공유 고깃집 밥도둑! 고깃집 된장찌개 만들기,된장찌개,2.0,찌개,30.0,아무나,"{'두부': '1/2모', '된장': '3T', '쌈장': '3T', '고춧가루': '2T', '물': '400ml', '대파': '생략 가능 적당량', '버섯': '추가 무관 적당량', '감자': '추가 무관 적당량', '도마': '', '조리용나이프': '', '뚝배기': '', '요리스푼': ''}","[""1. 재료를 준비합니다. 두부, 쌀뜨물, 다시마, 양파, 애호박, 고춧가루, 쌈장, 된장"", ""2. 우선 양파를 작은 큐브모양으로 썰어줍니다."", ""3. 애호박도 같은 크기로 썰어주세요! 버섯이나 다른 재료를 더 추가하셔도 좋아요."", ""4. 냄비에 썰어둔 호박, 양파, 다시마를 넣어줍니다. 쌀뜨물도 넣어주세요."", ""5. 물이 끓으면 다시마는 건져서 버려줍시다."", ""6. 거품은 미관상 살짝 걷어주시면 좋아요."", ""7. 야채가 거의 익으면 양념들을 모두 넣어줍니다. 양념 재료 : 된장 3T, 쌈장 3T, 고춧가루 2T"", ""8. 마지막에 두부를 넣어줍니다."", ""9. 두부가 위로 떠오르면 완성!""]","[""두부, 쌀뜨물, 다시마, 양파, 애호박, 고춧가루, 쌈장, 된장"", """", ""버섯이나 다른 재료를 더 추가하셔도 좋아요."", """", """", """", ""양념 재료 : 된장 3T, 쌈장 3T, 고춧가루 2T"", """", """"]"
6924996,밥을 부르는 삼겹살 김치찜 맛있는 조합,삼겹살김치찜,4.0,찌개,60.0,아무나,"{'묵은지': '1/2포기', '삼겹살': '3줄', '대파': '', '멸지': '다시 육수 3컵', '마늘': '1스푼', '생강술': '1스푼', '소금': '', '후추': '', '국간장': '2', '맛술': '2', '황설탕': '', '고춧가루': ''}","[""1. 삼겹살은 먹기 좋은 크기로 자르고"", ""2. 분량의 고기 밑간 하고 김치 손질 하는 동안 재워요"", ""3. 묵은지 그릇에 펼치고 밑간한 삼겹살 2개씩 올리고"", ""4. 돌돌 돌 말고"", ""5. 끓이는 그릇에 빙 둘러 담고 멸치 다시 육수 3컵을 부어 끓이고 중불~약불 육수는 두번에 나누어 부어 주었어요"", ""6. 약불로 끓이면서 맛술, 국간장2, 황설탕1, 고춧가루 1스푼 넣고 약 20~30분간 푹 끓이고"", ""7. 마지막에 대파 넣고 한소끔 끓이고 마무리~""]","["""", ""김치 손질 하는 동안 재워요"", """", """", ""중불~약불"", """", """"]"
5671220,간 돼지고기 듬뿍넣은 두부고기찌개,돼지고기두부찌개,1.0,찌개,30.0,아무나,"{'두부': '1모', '간돼지고기': '400g', '양파': '1/2개', '청량고추': '2개', '파': '1/2개', '물': '2컵', '고추장': '2큰술', '고추가루': '1.5큰술', '국간장': '1/2큰술', '설탕': '1/2큰술', '다진마늘': '1큰술', '후추': '적당량'}","[""1. 간 돼지고기는 냄비에 볶아서 익혀줍니다. 이때 반쯤익으면 국간장 설탕 마늘 반스푼을 넣고 밑간해주시구요. 다 익으면 고추장 고추가루 마늘 반스푼더 후추를 넣고 조금더 바짝 볶아주신후 물 2컵을 부어서 끓여주세요. 두부는 넓고 얇게 썰어주시구요 양파 와 파 청량고추 다 어슷하게 썰어주세요"", ""2. 팔팔 끓고 있는 찌개에 두부, 양파, 파 고추 한꺼번에 넣고 끓여주시면 끝입니다.""]","["""", """"]"
6922195,[된장찌개] 고추장을 넣어 감칠맛나는 맛있는된장 끓여요,된장찌개,5.0,찌개,15.0,아무나,"{'물': '600ml', '된장': '3T', '고추장': '2T', '고춧가루': '1T', '다진마늘': '1T', '설탕': '0.3T', '간장': '1T', '소금': '조금', '양파': '1개', '애호박': '1/3개', '버섯': '1주먹', '청양고추': '1개', '두부': '1/2모', '대파': '1/2대'}","[""1. 양파를 썰어요"", ""2. 애호박을 반달모양으로 썰어요"", ""3. 두부도 원하는 모양으로 썰어요"", ""4. 버섯도 먹기좋게 썰어요 다른 버섯(팽이,느타리,새송이 등) 가능"", ""5. 대파와 고추도 송송 썰어주세요 저는 고추 썰어서 얼려둔거 사용"", ""6. 냄비에 된장3,고추장2를 넣어줍니다"", ""7. 물600ml(=3컵정도)를 붓고"", ""8. 다진마늘1"", ""9. 간장1"", ""10. 양파와 애호박을 넣고 끓입니다 익히는데 시간걸리는 야채먼저 넣어요"", ""11. 설탕(생략가능) 약간의 감칠맛을 위해서 넣었어요"", ""12. 고춧가루1"", ""13. 나머지야채를 넣습니다"", ""14. 중약불에서 5분~10분 끓여서 마무리 모자란간은 소금으로 해주세요""]","["""", """", """", ""다른 버섯(팽이,느타리,새송이 등) 가능"", ""저는 고추 썰어서 얼려둔거 사용"", """", """", """", """", ""익히는데 시간걸리는 야채먼저 넣어요"", ""약간의 감칠맛을 위해서 넣었어요"", """", """", ""모자란간은 소금으로 해주세요""]"
6837286,칼칼하고 시원한 애호박찌개,애호박찌개,4.0,찌개,15.0,초급,"{'애호박': '1개', '맛타리버섯': '1줌', '멸치육수': '2컵', '대파': '약간', '청양고추': '1~2개', '고춧가루': '2T', '다진마늘': '1T', '새우젓': '1T'}","[""1. 애호박과 버섯은 적당한 크기로 썰어줍니다. 애호박은 너무 얇으면 쉽게 무르니 적당한 두께로 썰어주세요"", ""2. 식용유를 약간 두르고 고추가루와 다진 마늘을 넣고 약한 불에서 볶아줍니다"", ""3. 고추기름이 우러나면 애호박을 넣고 잘 살짝 볶아주세요."", ""4. 애호박과 고추기름이 어울어지면 버섯도 넣고 볶아주세요."", ""5. 새우젓 1큰술을 넣고 함께 볶아줍니다. 새우젓 국물은 나중에 넣어주고 건더기만 넣어서 볶아주세요."", ""6. 타지 않도록 중불에 볶아줍니다"", ""7. 어느 정도 볶아지면 재료가 자박하게 잠기도록 멸치 육수를 넣고 끓여주세요"", ""8. 끓어오르면서 생기는 거품은 거둬주시면 더 깔끔해보입니다. 고추기름을 다 제거해버리면 매콤한 맛이 줄어듭니다."", ""9. 한소끔 끓어오르면 파와 청양고추를 취향껏 넣고, 기호에 따라 새우젓 국물로 간을 맞춰주세요.""]","["""", """", """", """", """", """", """", """", """"]"
6888322,바지락 순두부찌개 만드는법(+고추기름내기),바지락순두부찌개,2.0,찌개,30.0,아무나,"{'순두부': '400g 1봉지', '바지락': '한움큼 180g', '물': '머그컵1컵정도 200~300ml', '달걀': '1개', '대파': '약간', '고춧가루': '1큰술', '식용유': '1큰술', '참기름': '1/2~1큰술', '다진마늘': '1/2작은술', '소금': '적당량'}","[""1. 바지락 한 움큼은 흐르는물에 씻어서 준비해주세요. - 마트에서 파는 바지락은 해감이 어느정도 되어있어서 씻어내기만 해도 괜찮아요."", ""2. 순두부 1봉지(400g)는 표면을 물에 한번 씻어서 둡니다. - 순두부 포장을 자르자 마자 '팍' 하고 터지듯 물이 나오기 때문에, 먼지나 불순물을 미리 씻어내는게 좋아요. - 1인분을 만들땐, 절반만 사용하면 딱 좋아요."", ""3. 파는 어슷썰어 준비하고, 계란도 1개 준비합니다."", ""4. 뚝배기에 식용유 1큰술, 참기름 1/2큰술, 고춧가루 1큰술을 넣고 섞어주세요. - 참기름만 사용하게 되면, 기름이 빨리 타버려서 쓴맛이 나게되고, 식용유만 사용하게 되면, 고소한맛이 나지 않기 때문에 1:1이나, 2:1로 섞어서 사용해요."", ""5. 아주 약한 불에서 거품이 날 때까지 볶아 고추기름을 만들어 줍니다. 아주 약한불 - 너무 오래볶거나, 센불에서 볶게되면, 고추가루나, 기름이 타버리면서 까맣고 쓴맛이 나게 되니 주의해주세요."", ""6. 거품이 나면 물200~300ml을 넣어줍니다."", ""7. 준비한 바지락을 넣고 센불에서 끓여줍니다."", ""8. 끓으면 다진마늘 1/2작은술을 넣고 잘 섞어서 끓여줍니다."", ""9. 순두부는 칼을 이용해 반으로 잘라 간수까지 넣고 끓여줍니다."", ""10. 소금으로 간을 맞춘 뒤에 달걀과 파를 넣고 달걀이 익을 때까지 끓여준면 완성! - 소금은 생각보다 넉넉히 들어가니 참고해주세요!""]","[""- 마트에서 파는 바지락은 해감이 어느정도 되어있어서 씻어내기만 해도 괜찮아요."", ""- 순두부 포장을 자르자 마자 '팍' 하고 터지듯 물이 나오기 때문에, 먼지나 불순물을 미리 씻어내는게 좋아요.- 1인분을 만들땐, 절반만 사용하면 딱 좋아요."", """", ""- 참기름만 사용하게 되면, 기름이 빨리 타버려서 쓴맛이 나게되고, 식용유만 사용하게 되면, 고소한맛이 나지 않기 때문에 1:1이나, 2:1로 섞어서 사용해요."", ""아주 약한불"", """", """", """", """", ""- 소금은 생각보다 넉넉히 들어가니 참고해주세요!""]"
6863517,동태찌개! (국물요리),동태찌개,2.0,찌개,90.0,아무나,"{'동태': '1마리', '무': '1.5줌', '두부': '1/2모', '대파': '1/4대', '청양고추': '1개', '다시마': '육수 4컵', '고추장': '1큰술', '고춧가루': '1.5큰술', '국간장': '1큰술', '청주': '1큰술', '다진마늘': '1큰술', '다진생강': '1작은술', '후춧가루': '1/4작은술'}","[""1. [재료 손질] 1. 무 나박 썰기 2. 대파, 청양고추 어슷썰기 3. 두부 납작하게 썰기 (기호에 맞게)"", ""2. 동태는 흐르는 물에 씻어 물기를 빼주세요."", ""3. 팬에 다시마 육수를 붓고, 분량의 재료대로 양념을 만들어 무와 양념의 반을 넣고 끓여주세요."", ""4. 무가 거진 익으면 동태, 두부, 남은 양념을 넣고 끓여주세요."", ""5. 마지막에 대파와 청양고추를 넣고 한소끔 더 끓여주세요. 간도 한번 보시고요.""]","["""", """", """", """", """"]"
6865677,돼지고기짜글이! (고기요리),돼지고기짜글이,3.0,찌개,90.0,아무나,"{'돼지고기': '250g', '양파': '1/2개', '두부': '1/3모', '대파': '1/2대', '감자(중)': '1개', '청양고추': '1개', '홍고추': '1개', '물': '350ml', '오일': '1작은술', '고추장': '2.5큰술', '고춧가루': '1큰술', '간장': '1큰술', '다진마늘': '1큰술', '설탕': '1작은술', '청주': '1큰술', '후춧가루': '1/4작은술'}","[""1. 돼지고기는 찌개용으로 준비해 키친타월에 올려 핏물을 빼준 뒤, 분량의 재료대로 양념을 넣고 조물조물 버무려 30여 분 정도 재워두세요."", ""2. [야채 손질] 1. 양파, 두부, 감자 깍둑썰기 2. 대파, 홍고추, 청양고추 쏭쏭 썰기"", ""3. 달구어진 팬에 오일을 두르고, 미리 재워두었던 돼지고기를 넣고 달달 볶아주세요."", ""4. 돼지고기가 어느 정도 익으면 감자를 넣고 볶아주세요."", ""5. 물을 넣고 끓여주세요."", ""6. 감자가 반 정도 익어가면 두부, 양파를 넣고 끓여주세요. 뽀글뽀글 끓으면 불을 기호에 맞게 중약 불로 줄여 은근히, 자작하게 조려주세요. 애호박도 함께 넣어주면 맛있어요."", ""7. 마지막에 대파, 청양고추, 홍고추를 넣고 센 불에서 휘리릭~ 한번 끓여준 뒤 불에서 내려주세요. 혹, 간이 부족하다 싶으면 기호에 맞게 간장 & 소금으로 해주세요.""]","["""", """", """", """", """", ""애호박도 함께 넣어주면 맛있어요."", """"]"
6740535,얼큰한 두부찌개,두부찌개,2.0,찌개,30.0,초급,"{'두부': '1모', '양파': '1/2개', '고추': '2개', '대파': '1/2개', '간장': '3스푼', '국간장': '1.5스푼', '고추가루': '2스푼', '고추장': '1스푼', '설탕': '1스푼', '다진': '마늘 1스푼', '들기름': '1스푼'}","[""1. 두부한모를 먹기 좋게 잘라 줍니다."", ""2. 뚝배기라서 두부가 아래 눌러붙어버릴거같더라구요. 그래서 아래 양파를 살짝 깔고 두부를 올려줬어요"", ""3. 양념장을 만들어 주세요."", ""4. 대파와 청양고추는 어슷썰어주고요, 양파는 먹기좋게 썷어주세요."", ""5. 두부 넣은 매비에 야채를 올리고 가운데 양념장을 넣어 주세요. 물 채워 넣어주시고 센불에서 5분 보글보글 끓여주고 팔팔 끓으면 중불에서 20분정도 조리시면 됩니다.""]","["""", """", """", """", """"]"
4037863,된장찌개 끓이기,된장찌개,2.0,찌개,30.0,초급,"{'물': '600ml', '다시멸치': '6~7마리', '다진마늘': '1/4스푼', '양파(소': ') 1개', '호박': '1개', '감자': '1개', '두부': '1/2모', '청량고추': '1개', '송송썬파': '1스푼', '된장': '2.5스푼', '고춧가루': '1/2스푼'}","[""1. 야채들은 먹기편한 크기로 썰어놓으세요."", ""2. 두부는 깍둑썰어 준비합니다."", ""3. 물600ml에 다시멸치6~7마리정도를 넣고 뚜껑을 덮은후 5분가량 끓여준후 다시멸치를 건져냅니다."", ""4. 멸치육수에 된장2스푼반~을 잘 풀어준후 호박, 감자, 양파를 넣어 중약불에서 5~10분사이로 팔팔 끓여줍니다."", ""5. 두부와 청량고추, 다진마늘, 파를 넣고 한소끔 더 끓여준후"", ""6. 마지막에 고춧가루 1/2스푼정도를 넣어 마무리해주시면 된답니다.""]","["""", """", """", """", """", """"]"
6846655,새마을식당 7분김치찌개 만들기,김치찌개,2.0,찌개,15.0,아무나,"{'김치': '', '돼지고기': '찌개용', '양파': '1/2개', '파': '약간', '김치국물': '2~3큰술', '간장': '1큰술', '고춧가루': '1큰술', '다진마늘': '1/2큰술', '다시다': '1/2큰술'}","[""1. 물 한 컵에 돼지고기를 넣고 끓여주세요 물 대신 쌀뜨물을 사용하시면 더 좋아요~"", ""2. 고기가 익으면 김치도 넣어주세요 여기에 김치국물 2~3큰술정도 넣어주시고 간장 1큰술, 고춧가루 1큰술, 다진마늘 반 큰술, 다시다 반 큰술을 넣어주세요"", ""3. 양파는 찹찹 썰어서 넣어주세요"", ""4. 파도 송송 썰어서 넣어주세요"", ""5. 새마을식당 7분김치찌개의 하이라이트!! 가위로 잘게 잘라주는 거죠"", ""6. 보글보글 좀 더 끓여주시기만 하면 7분김치찌개 완성이에요!!"", ""7. 새마을식당 처럼 밥 위에 김치랑 고기랑 김이랑 넣어서 비벼먹음 꿀맛!!""]","["""", """", """", """", """", """", """"]"
6890343,"성공률 100% 백종원 레시피, 고추장찌개 얼큰하고 맛이쪙",고추장찌개,3.0,찌개,15.0,초급,"{'고추장': '2T', '참기름': '2T', '물': '1.5컵', '호박': '1/2개', '양파': '1개', '청양고추': '2개', '돼지고기': '', '다진마늘': '1T', '국간장': '3T', '설탕': '1T', '두부': '1/2모'}","[""1. 양파, 호박, 청양고추를 먹기좋게 썰어주세요"", ""2. 고추장과 참기름을 달달 볶아주세요"", ""3. 고추장이 풀어지면 물을 넣고 끓여주세요"", ""4. 제일 먼저 고기를 넣고 끓으면 마늘과 국간장을 넣어주세요"", ""5. 고기가 어느정도 익으면 손질한 야채를 넣어주세요 설탕도 넣어주세요"", ""6. 두부를 넣고 졸여주세요""]","["""", """", """", """", """", """"]"
6979278,얼큰달큰 고추장찌개로 환절기 입맛살리기!,고추장찌개,2.0,찌개,10.0,초급,"{'목살': '200g', '애호박': '1/2개', '양파': '1/3개', '청양고추': '2개', '고추장': '2큰술', '다진마늘': '1큰술', '고춧가루': '1큰술', '국간장': '3숟갈', '설탕': '2숟갈', '액젓': '1숟갈', '참기름': '2숟갈', '물': '400ml', '소주': '100ml'}","[""1. 목살, 애호박, 양파, 청양고추를 깍둑썰기로 손질해줍니다 애호박 손질법 레시피"", ""2. 참기름2숟갈, 고추장 2큰술 넣고 볶아주세요 약불"", ""3. 잘 볶아졌으면 목살을 넣고 양념이 베일만큼 살살 볶아주세요 약불"", ""4. 다진마늘 1큰술 넣고 볶아주세요 약불"", ""5. 고추가루 1큰술 넣고 볶아주세요"", ""6. 소주 100ml 넣고 졸여주듯 볶아줍니다 센불 비린내를 잡아줘요~"", ""7. 물 400ml 넣고 애호박, 양파, 청양고추를 넣고 끓여줍니다 센불"", ""8. 간장 3숟갈, 설탕2숟갈, 액젓1숟갈 넣고 졸여줍니다 센불"", ""9. 야채가 익었으면 완성입니다:>""]","[""애호박 손질법 레시피"", ""약불"", ""약불"", ""약불"", """", ""센불"", ""센불"", ""센불"", """"]"
6879196,매일 먹어도 좋은 [차돌박이 된장찌개],차돌박이된장찌개,3.0,찌개,30.0,초급,"{'차돌박이': '200g', '애호박': '1/3개', '두부': '160g', '청양고추': '1개', '송송': '썬 대파 2큰술', '된장': '듬뿍 1큰술', '고추장': '1작은술', '멸치': '+ 다시마 육수 300ml'}","[""1. 두부는 미리 물기를 빼줍니다. 두부가 머금은 수분을 빼주면 조직감이 탱탱해지고 음식의 간도 잘 배고 맛있습니다."", ""2. 냄비나 뚝배기에 차돌박이를 넣어 익혀줍니다."", ""3. 차돌박이의 붉은 기가 사라지면 애호박을 넣어 차돌박이 기름에 함께 익혀줍니다."", ""4. 두부를 먹기 좋게 잘라 넣어줍니다."", ""5. 육수를 붓고 된장, 고추장을 풀어줍니다. 고추장을 살짝만 섞어주면 더 맛이 좋아요."", ""6. 팔팔 끓여줍니다."", ""7. 청양고추, 대파를 넣고 한번 더 보글보글 끓인다음 불에서 내리면 완성.""]","[""두부가 머금은 수분을 빼주면 조직감이 탱탱해지고 음식의 간도 잘 배고 맛있습니다."", """", """", """", ""고추장을 살짝만 섞어주면 더 맛이 좋아요."", """", """"]"
6869009,【맛이 없을수 없는 조합】소고기된장찌개 만들기~,소고기된장찌개,2.0,찌개,15.0,아무나,"{'소고기': '100g', '두부': '1/2모', '땡초': '4개', '무': '5cm', '양파': '1/2개', '대파': '1/2줄기', '된장': '2T', '쌈장': '2T', '참기름': '1T', '고춧가루': '1T', '다진마늘': '1T'}","[""1. 무는 5센티 정도 만큼 깍두썰어 놓고 두부반모 ,양파반개,대파반줄기,땡초4개를 먹기좋게 썰어 주세요^~^ (야채는 취향껏 준비하시면 되지만 대파와 땡초는 꼭 넣으셔요~!)"", ""2. 핏물뺀 소고기에 참기름 한스푼 넣어 따글따글~볶아 주셔요~"", ""3. 고기가 익으면 무를 넣고 같이 볶아 주세요~"", ""4. 물을 뚝배기 반만 넣고 저번에 알려드렸던 고깃집된장찌개의비법!! 된장2스푼,쌈장2스푼, 고춧가루한스푼을 넣어주세요~ (저는 숟가락 듬뿍해서 두스푼양을 한꺼번에 넣은거에요ㅎㅎ집집마다 된장의 염도가 틀리기 때문에 살짝만 진하게 넣으셔요~)"", ""5. 그다음 두부반모,양파반개,다진마늘 한스푼 넣어주시구요~"", ""6. 마지막으로 땡초4개랑 대파 반줄기 넣어서 뽀글뽀글 끓여 주시면 끝이에요^~^"", ""7. 고추가 넉넉하게 들어가야 더맛있기 때문에 매운거 못드시는 분들은 풋고추라도 넣어 주셔요^^맛차이가 있어요ㅎㅎ ★고깃집 된장찌개 레시피 @6867859 ★""]","["""", """", """", """", """", """", """"]"
6858055,"고추장 찌개, 참치와 감자를 넣은 고추장 찌개",고추장찌개,2.0,찌개,30.0,초급,"{'참치캔': '1개', '감자': '1개', '양파': '1/2개', '두부': '1/4모', '대파': '1/2뿌리', '청양고추': '1개', '물': '2종이컵', '고추장': '2.5T', '고춧가루': '1T', '간장': '1T', '다진마늘': '1/2T', '소금': '1티스푼'}","[""1. 참치는 기름기를 빼줍니다."", ""2. 감자,양파,대파,두부는 깍뚝썰기 해 주시고 청양고추와 대파는 잘게 썰어줍니다."", ""3. 물2종이컵에 고추장,간장,다진마늘을 넣어 잘풀어줍니다."", ""4. 감자,양파,참치,고추가루를 넣어 감자가 익을때까지 끓여줍니다."", ""5. 두부,대파,청양고추를 넣은뒤 간을 보아 부족한 간은 소금으로 해줍니다. 저는 소금1티스푼 넣었습니다."", ""6. 한번더 끓여주어 완성.""]","["""", """", """", """", """", """"]"
5420128,돼지고기 감자 고추장찌개,돼지고기감자고추장찌개,,찌개,30.0,초급,"{'삼겹살': '170g', '감자': '220g', '양파': '1/3개', '대파': '1/3대', '홍고추': '1개', '청양고추': '1개', '멸치육수': '2.5컵', '소금': '', '후추': '', '다진마늘': '1/2숟갈', '설탕': '1/2숟갈', '고추가루': '2숟갈', '국간장': '1/2숟갈', '고추장': '1/2숟갈'}","[""1. 고추장찌개에는 돼지고기가 들어가줘야 기름기도있고 더욱 맛있답니다~"", ""2. 감자는 먹기좋은 크기로 썰어주고.. 양파, 대파, 홍고추, 청양고추도 알맞게 썰어준비합니다~~"", ""3. 볼에 돼지고기와 감자를 담고.. 양념재료를 모두넣어 조물조물 버무려 20분정도 둡니다~"", ""4. 그동안 구수한 멸치육수도 만들어 주어야해요~ 냄비에 물4컵을 담고.. 다시멸치를 한줌 집어넣은후 마른다시마와 함께 끓여줍니다~"", ""5. 멸치육수는 2+1/2컵 정도로 만들어주심 되구여.. 멸치육수가 완성되면 멸치와 다시마는 건져버립니다~~"", ""6. 냄비나 팬에 오일을 약간 넣어주고 양념에 재워둔 돼지고기와 감자를 넣고 중불에서 5분정도 달달 볶아줍니다~ 돼지고기가 얼추 익을때까지 볶아주면 되어요~"", ""7. 끓여낸 멸치육수를 넣어주고.."", ""8. 감자가 익을때까지 끓여주세요~"", ""9. 국물이 걸쭉해지는 느낌이 들면서 감자가 다 익으면 양파, 고추, 대파를 모두 넣어주고 소금, 후추로 입맛에 맞게 간을 해주심 되어요~~"", ""10. 달짝지근하고 걸쭉한 느낌의 돼지고기감자찌개가 완성입니다~~~""]","["""", """", """", """", """", """", """", """", """", """"]"
6961294,돼지고기 김치찌개 달인이 되는 황금레시피,돼지고기김치찌개,4.0,찌개,30.0,아무나,"{'돼지고기': '앞다리살 500g', '배추김치': '1쪽', '대파': '1개', '청양고추': '2개', '물': '800ml', '된장': '1숟가락', '들기름': 'or 참기름 2숟가락', '설탕': '1/2숟가락', '다진마늘': '1숟가락', '후추': '2꼬집'}","[""1. 키친타올로 고기 핏물을 제거하고 먹기 좋은 크기로 숭덩숭덩 잘라주세요. 돼지고기는 선호하는 부위를 사용하세요."", ""2. 김치도 먹기 좋은 크기로 쫑쫑 썹니다."", ""3. 냄비에 들기름 2수저와 된장 1수저 넣고 수저로 섞어주세요."", ""4. 섞은 양념은 약불에서 짙은 갈색이 될때까지 볶아줍니다. 약불"", ""5. 썰어놓은 고기와 설탕 1/2수저 넣고 중불로 올려 볶아주세요. 중불"", ""6. 고기 겉면이 익을 때까지 잘 볶아주세요. 중불"", ""7. 썰어놓은 김치를 넣고 열심히 볶아주세요. 중불"", ""8. 양념과 수분이 다 졸아들 때까지만 볶으시면 됩니다. 중불"", ""9. 물 800ml를 넣고 강불로 끓여주세요. 강불"", ""10. 강불에서 팔팔 끓으면 뚜껑 덮고 약불로 줄여 20분간 끓여주세요. 약불"", ""11. 그동안 대파는 어슷썰고 청양고추는 송송 썰어주세요."", ""12. 20분 뒤 불을 중불로 올린 뒤 다진마늘 1수저와 후추 2꼬집을 넣고 저어주세요. 중불"", ""13. 다시 팔팔 끓어오르기 시작하면 대파와 청양고추를 넣고 5분 더 끓여줍니다. 중불"", ""14. 모든 재료가 푹 익으면 완성입니다. 김치찌개는 오래 끓여먹어도 맛있으니 취향대로 더 끓여서 드셔도 됩니다.""]","[""돼지고기는 선호하는 부위를 사용하세요."", """", """", ""약불"", ""중불"", ""중불"", ""중불"", ""중불"", ""강불"", ""약불"", """", ""중불"", ""중불"", """"]"
6856237,"청국장, 김치와 돼지고기 넣은 매콤하고 구수한 청국장",돼지고기청국장,2.0,찌개,30.0,초급,"{'청국장': '1/2덩이', '김치': '1줌', '김치국물': '1/2국자', '돼지고기': '1줌', '양파': '1/3개', '두부': '1/2모', '대파': '1/2뿌리', '청양고추가루': '2T', '설탕': '1티스푼', '맛술': '2T', '다진마늘': '0.5T', '된장': '1T', '간장': '1T', '소금': ''}","[""1. 뚝배기에 적당히자른 신김치, 돼지고기,설탕,고추가루, 마늘, 맛술을 넣어줍니다."", ""2. 타지않게 중약불로 하여 고기 3분의1정도 익을정도로 볶아주세요."", ""3. 그사이 양파, 두부, 대파는 적당한 크기로 썰어둡니다."", ""4. 고기가 어느정도 익으면 쌀뜨물을 부어준뒤 김치국물,된장,간장을 넣어 센불로 끓여줍니다."", ""5. 고기가 다 익은듯 하면 청국장을 넣어 풀어줍니다."", ""6. 두부와 양파를 넣어 양파가 살짝 익을정도로 끓여줍니다."", ""7. 마지막 간은 소금으로 하여 대파를 올린뒤 한번더 끓여 완성. 저는 간이 맞아서 소금간은 하지 않았습니다.""]","["""", """", """", """", """", """", """"]"
3370170,참치순두부찌개,참치순두부찌개,2.0,찌개,15.0,초급,"{'참치': '150g 1캔', '순두부': '1봉지', '익은배추김치': '2장', '멸치다시마육수': '1.5컵', '다진파': '2T', '고춧가루': '1~1.5T', '다진마늘': '1/3T', '참기름': '1/3T'}","[""1. 뚝배기에 참치와 익은배추김치2장을 넣어줍니다. 여기에 참기름⅓T를 넣고 중불에서 30초정도 달달 볶아줍니다."", ""2. 멸치다시마육수 1컵반반정도 넣은후 고추가루1T정도. 다진마늘⅓T를 넣고 센불에서 끓으면 중불로 줄여 7~8분 끓여줍니다."", ""3. 여기에 순두부를 큼직하게 넣어준후 1~2분 더 끓여줍니다."", ""4. 다진파2T 넣고 한번만 끓여주면 완성입니다.""]","["""", """", """", """"]"
6872516,간단 두부 찌개,두부찌개,3.0,찌개,30.0,아무나,"{'두부': '1모', '양파': '1/2개', '대파': '1대', '땡초': '2개', '다시멸치': '1줌', '다시마': '1조각', '간장': '4큰술', '올리고당': '0.5큰술', '고춧가루': '0.5큰술', '다진마늘': '1큰술', '후추': '톡톡'}","[""1. 물 500ml 냄비에 붓고 다시 멸치,다시마를 넣고 5분 정도 육수를 우려 준다"", ""2. 그사이 양파,대파,땡초 썰어 준비합니다"", ""3. 두부 흐르는 물에 헹궈 도톰하게 썰어 주고요"", ""4. 육수가 우러나면 채에 받쳐 모두 건져 버린다"", ""5. 준비한 두부 넣어준다"", ""6. 야채 넣어 주고요"", ""7. 위 양념을 모두 넣은 후"", ""8. 중불에서 약한 불로 끓여주면 끝""]","["""", """", """", """", """", """", """", """"]"
3551697,돼지고기 고추장감자찌개,돼지고기고추장감자찌개,2.0,찌개,30.0,초급,"{'돼지고기': '목살 또는 앞다리살 200g', '감자': '中사이즈 2개', '애호박': '1/2개', '대파': '1/2개', '청양고추': '3개', '물': '6컵', '국물용멸치': '12마리', '다시마': '2조각', '고추씨': '1T', '고추장': '2.5T', '고추가루': '2T', '국간장': '2T', '다진마늘': '1T', '맛술': '1T', '식용유': '2/3T', '후추가루': '소량', '소금': '1/3T'}","[""1. 냄비에 물 6컵, 국물용멸치 12마리,다시마 2조각,고추씨 1T를 넣고 센불에서 끓으면 중불로 줄여 10분 끓여줍니다. 고운체에 걸러 육수 4컵 준비합니다."", ""2. 감자는 껍질제거후 큼직하게 반달모양으로 썰어줍니다. 썰은 감자는 찬물에 5분정도 담궈 녹말기를 제거해줍니다. 애호박도 큼직하게,대파도 큼직하게,청양고추는 어슷하게 썰어줍니다."", ""3. 돼지고기 목살부위를 먹기 좋게 썰어 준비후 뚝배기에 넣고 다진마늘 1T,맛술 1T,식용유 2/3T,후추가루 소량을 넣고 조물조물 한뒤 중불에서 살살 볶아줍니다. 돼지고기의 표면이 하얗게 변하기 시작할때 준비한 육수 4컵을 넣고 고추장 2T반,고추가루 2T,썰어 놓은 감자를 넣어줍니다."", ""4. 센불로 켠후 끓어오르면 중불로 줄여 5분정도 끓여준후 애호박을 넣어줍니다. 애호박을 넣고 중불에서 3~4분 끓이다가 국간장 2T,소금 1/3T정도를 넣어 간을 맞춘후 대파, 청양고추 넣고 한번만 끓이면 완성입니다.""]","["""", """", """", """"]"
6866095,"된장찌개, 고추장 넣어 더욱 맛있는 된장찌개",고추장된장찌개,2.0,찌개,30.0,초급,"{'물': '1.5종이컵', '양파': '작은것 1/2개', '호박': '1/5개', '팽이버섯': '1/2봉지', '두부': '1/4모', '대파': '1/3뿌리', '된장': '1.5T', '고추장': '1T', '간장': '1T', '청양고추가루': '0.5T', '다진마늘': '0.5T', '설탕': '0.5티스푼', '꽃소금': '1꼬집'}","[""1. 양파,호박,두부,팽이버섯,대파,청양고추를 먹기좋은 크기로 잘라줍니다."", ""2. 뚝배기에 물 또는 육수1.5종이컵을 넣고 된장과 고추장을 풀어줍니다."", ""3. 된장육수에 양파,호박,다진마늘,고추가루,설탕,간장을 넣어줍니다."", ""4. 모든 재료가 다 익을 때까지 끓여줍니다."", ""5. 두부,팽이버섯,대파,청양고추를 넣어 한소끔 끓여줍니다."", ""6. 이때 간을보아 부족한 간은 소금으로 하여 완성. 저는 소금 한꼬집 넣었습니다.""]","["""", """", """", """", """", """"]"
6862254,바지락 된장찌개 / 고기집 된장찌개 부럽지않아요,바지락된장찌개,3.0,찌개,30.0,아무나,"{'바지락조개': '13개', '두부': '1모', '애호박': '1/2개', '양파': '1/4개', '대파': '1/2대', '청양고추': '2개', '다진마늘': '1t', '된장': '2T', '쌈장': '1T', '고춧가루': '1t', '멸치': '8마리', '다시마': '1장', '물': '4컵'}","[""1. 멸치육수- 마른팬에 멸치를 넣고 살짝 볶다가 물4컵 다시마를 넣고 중불에 끓으면~약불로 줄여 약10분정도 끓여 걸러요 멸치8마리 다시마1 중불~약불 멸치는 머리와 내장제거 후 사용하세요 다시마는 흐르는 물에 살짝 씻어서 끓입니다 (필요량 3컵)"", ""2. 육수 끓는 동안 재료 손질-두부 호박은 약간 도톰하게 썰고 양파 청양고추 대파 송송 썰고 다진마늘 준비하고 두부 애호박 양파 대파 청양고추 다진마늘"", ""3. 해감한 바지락준비해요 바지락조개"", ""4. 끓인 육수3컵을 냄비에 부어 바지락을 넣고 한번 끓여 조개는 건져 두고 육수는 한번 걸러 사용합니다 걸러준 육수에 된장은 체에 밭쳐 넣어주고 쌈장 두부 마늘 양파 고춧가루를 넣고 약 3~4분 끓이고 된장2 쌈장1 고춧가루1t 두부 양파 다진마늘 중불"", ""5. 끓인 바지락에 약간의 육수를 부어 줍니다 익힌 바지락은 마를수있어 육수를 조금 부어 주는 센스~"", ""6. 애호박을 넣어 끓여줍니다"", ""7. 마지막에 건져둔 바지락 대파 청양고추를 넣어 한번 끓여주세요"", ""8. 호박은 살캉 할때 불을 꺼주세요"", ""9. 뚝배기에 담아 뜨겁게 한번 끓여냅니다""]","[""멸치8마리 다시마1"", ""두부 애호박 양파 대파 청양고추 다진마늘"", ""바지락조개"", ""된장2 쌈장1 고춧가루1t 두부 양파 다진마늘"", ""익힌 바지락은 마를수있어 육수를 조금 부어 주는 센스~"", """", """", """", """"]"
6891652,감자요리 - 백종원 감자짜글이,감자짜글이,3.0,찌개,60.0,아무나,"{'스팸': '작은 사이즈 1캔', '감자': '작은 거 3개', '양파': '1/2개', '청양고추': '2개', '대파': '1/3대', '물': '2컵', '고춧가루': '2스푼', '고추장': '1스푼', '다진': '마늘 1스푼', '맛술': '1스푼', '간장': '3스푼', '설탕': '1스푼', '된장': '0.3스푼', '도마': '', '조리용나이프': '', '트레이': '', '비닐백': '', '냄비': '', '숟가락': ''}","[""1. 감자는 껍질을 벗겨 굵게 채 썰어주고 청양고추 2개, 대파 1/3대는 송송 썰어 준비하고 양파 1/2는 채 썰어 주세요."", ""2. 스팸은 비닐봉지에 넣어 손으로 주물러 으깨 준비합니다. 이때 너무 잘게 으깨지 말고 덩어리지게 으깨 줍니다."", ""3. 냄비에 감자, 스팸, 양파를 모두 넣고 양념 재료인 고춧가루 2, 고추장 1, 간장 3, 다진 마늘 1, 맛술 1, 된장 0.3, 설탕 1 그리고 물 2컵을 부어주세요."", ""4. 센 불에서 끓이기 시작하다 불을 줄이고 10~15분 정도 끓여주세요."", ""5. 감자가 다 익고 국물이 걸쭉해지면 대파, 청양고추를 넣고 한소끔 더 끓여 마무리합니다."", ""6. 백종원 감자짜글이 완성 ^^""]","["""", """", """", """", """", """"]"
6903640,돼지고기 듬뿍~김치도 듬뿍~색다른 짜글이찌개,짜글이찌개,4.0,찌개,30.0,초급,"{'돼지고기목살(앞다리살)': '500~600g', '김치(묵은지)': '1/2쪽', '양파': '1개', '대파': '2개', '고추장': '2스푼', '다진마늘': '2스푼', '후추가루': '조금', '설탕': '1스푼', '들기름': '1스푼', '생강가루': '1/2스푼'}","[""1. 잘익은 김치를 반쪽을 작게 잘라냄비에 넣어주세요"", ""2. 돼지고기를 듬뿍 넣어주세요 돼지고기의 부위는 상관없어요 집에 있으신 고기로 쓰시고요 가급적 기름기가 적은 목살이나 앞다리살 쓰셔도 되시고요 사태살을 쓰셔도 됩니다 저는 돼지고기 양을 김치보다 더많이 넣었네요"", ""3. 그위에 다진마늘 두스푼과 생강가루 반스푼 후추가루 조금과 들기름 조금을 넣어주세요"", ""4. 고추장 크게 한스푼들어갔구요 일반으로 뜨면 두스푼 될 양이네요 설탕 한스푼을 넣어주세요"", ""5. 손으로 쪼물해주시고 냄비에서 돼지고기가 살짝익을정도로 볶아주세요 이과정은번거러우시면 패스하시고 6번과정으로 넘어가셔도 되세요"", ""6. 물을 머그컵으로 두컵정도 자박할정도로 부어주시면 되시고요 육수를 내시어 그걸 넣어주셔도 되세요 10분정도 펄펄 끓여주세요"", ""7. 대파 두개를 어슷하게 썰어주시고 양파한개를 썰어주세요 추가로 매콤한걸 원하시면 청양고추를 넣으셔도 되세요"", ""8. 끓고있던 찌개에 야채 넣어주세요 깻잎이나 버섯종류가 있으시면 넣으셔도 좋아요"", ""9. 야채가 익을정도로만 끓여내시면 완성입니다""]","["""", """", """", """", """", """", """", """", """"]"
6894140,여름 제철 애호박 두부 된장찌개,애호박두부된장찌개,4.0,찌개,60.0,아무나,"{'애호박': '1개', '양파': '1개', '메운고추': '4개', '두부': '1모', '된장': '4큰술', '다진마늘': '1큰술', '고춧가루': '1/2큰술', '꿀': '2/3큰술'}","[""1. 뒷마당 텃밭에 단호박 애호박을 하나 따왔습니다."", ""2. 요 호박이 익으면 단호박이 될거예요. 애호박일 때 따와서 된장찌개를 끓입니다."", ""3. 애호박 1개 양파 1개 매운 고추 4개 멸치육수 7컵을 붓고 센불에서 끓입니다. 센불 멸치육수 : 끓는 물 2리터에 다시멸치 반줌을 넣고 20분 끓인 후 불을끄고 30분 우려냅니다."", ""4. 바글바글 끓어 오르면 약불로 줄이고 약불"", ""5. 집 된장 4큰술을 넣고 집집마다 된장 짠맛이 다르니 입맛에 맞게 조절하세요"", ""6. 두부 1모를 먹기 좋게 썰어 넣고 휘휘~~ 저어줍니다."", ""7. 보글보글 끓기 시작하면 다진마늘 1큰술을 넣습니다."", ""8. 고춧가루 1/2큰술을 넣고"", ""9. 꿀 2/3큰술을 넣고 저어줍니다."", ""10. 살캉하게 익은 애호박과 양파,두부,고추를 조심스레 떠서 그릇에 담습니다."", ""11. 속재료들을 소담하게 담고 된장찌개 국물을 자작하게 부어 먹음직 스럽게 상에 올립니다.""]","["""", """", ""센불"", ""약불"", ""집집마다 된장 짠맛이 다르니 입맛에 맞게 조절하세요"", """", """", """", """", """", """"]"
6859263,"매콤 된장찌개, 채소와 두부만 넣은 초간단 초스피드 된장찌개",된장찌개,2.0,찌개,15.0,초급,"{'느타리버섯': '1줌', '양파': '1/2개', '애호박': '1/4개', '청양고추': '2개', '두부': '1/4모', '물': '1.5종이컵', '된장': '2T', '진간장': '1T', '고추가루': '1.5T', '다진마늘': '0.5T', '설탕': '0.5티스푼', '소금': '간맞추기', '뚝배기': '', '나무도마': '', '요리나이프': ''}","[""1. 물1.5종이컵에 된장,고추가루,다진마늘,설탕,간장을 한데넣고 한소끔 끓여줍니다."", ""2. 그사이 양파,버섯,애호박,청양고추,두부는 적당한 크기로 썰어줍니다."", ""3. 한소끔 끓은 된장물에 양파,버섯,애호박,청양고추,두부를 넣어 줍니다."", ""4. 애호박이 익을때까지 끓여주어 간을보아 부족한간은 소금으로 해주어 완성. 저는 부족한간이 없어 소금은 넣지 않았습니다.""]","["""", """", """", """"]"
6906217,초간단 돼지고기 김치찌개 - 입맛 없을 땐 딱!!,돼지고기김치찌개,6.0,찌개,60.0,아무나,"{'익은': '김치 1/2포기', '삼겹살': '600g', '두부': '1모', '양파': '1개', '대파': '1단', '참기름': '2바퀴', '간장': '2스푼', '후추': '약간', '마늘': '1스푼'}","[""1. 냄비에 참기름을 두어 바퀴 돌려준 뒤 삼겹살을 넣고 후추 약간과 마늘 한 스푼 간장 2스푼을 넣고"", ""2. 고기 겉면이 골고루 익을 때까지 볶아준다. 중강불"", ""3. 고기 겉면이 골고루 익었다 싶으면 썰어놓은 김치를 넣고"", ""4. 김치가 노릇노릇해질 때까지 볶아준다. 중강불"", ""5. 물을 적당량 부어준 뒤 강물로 한번 확 끓여준다 강불"", ""6. 한번 끓고 나면 두부를 넣어 준 뒤 한 번 더 끓어오른 후에 중불로 30분 정도 끓인다. 강불->중불 두부에 찌개 맛이 폭 베인 게 좋아서 빨리 넣음"", ""7. 30분 정도 끓인 후에 간을 한번 보고 싱거우면 간장으로 간을 맞춘 뒤에 양파랑 파를 넣고 10분 정도 더 끓인다 강불->중불 야채를 넣고나서 강불로 끓이고 끓어오르면 중불로 바꿔준다"", ""8. 맛있는 삼겹살 김치찌개 완성!! 김치찌개에 계란 프라이만 있어도 푸짐하게 한 끼 뚝딱할 수 있다 ^^""]","["""", ""중강불"", """", ""중강불"", ""강불"", ""강불->중불"", ""강불->중불"", """"]"
4000677,얼큰한 두부고추장찌개,고추장두부찌개,2.0,찌개,15.0,초급,"{'돼지고기': '100g', '애호박': '1/2개', '감자(대)': '1/2개', '양파(대)': '1/2개', '청양고추': '2개', '송송썬파': '2스푼', '두부': '1/2모', '다진마늘': '1/3스푼', '고추장': '2스푼', '물': '500ml'}","[""1. 분량의 재료들을 사진처럼 먹기편한 크기로 썰어 준비합니다."", ""2. 물 500ml에 고추장 2스푼을 풀어 끓여줍니다."", ""3. 국물이 끓으면 준비해논 돼지고기, 애호박, 감자, 양파를 넣어 5분정도 끓여줍니다."", ""4. 그다음 나머지재료(두부, 다진마늘, 파, 청양고추)를 넣어 2분정도 더 끓여주면 완성이랍니다.""]","["""", """", """", """"]"
6886109,백종원 새마을식당 7분김치찌개 만들기 초간단 돼지고기 김치찌개 만드는 방법,돼지고기김치찌개,1.0,찌개,10.0,초급,"{'돼지고기앞다리살': '200g', '김치': '1줌', '대파': '조금', '된장': '1/2스푼', '쌀뜨물': '2컵', '맛술': '1스푼', '고추가루': '1스푼', '다진마늘': '조금', '간장': '1스푼', '도마': '', '조리용나이프': '', '냄비': '', '숟가락': '', '국자': '', '뚝배기': ''}","[""1. 돼지고기는 맛술1스푼 살짝 뿌려두었다."", ""2. 대파도 준비하고 김치도 쫑쫑 썰어두었다."", ""3. 냄비에 쌀뜨물을 올리고 물이 끓으면 돼지고기 부터 투하"", ""4. 된장반스푼 넣고 (이것이 신의 한수인것 같다.)"", ""5. 거품같은것이 올라오면 최대한 건져내고"", ""6. 쫑쫑 썰어둔 김치를 넣고"", ""7. 고추가루 2스푼을 넣었는데 김치에 양념이 진해서 1스푼만 넣어도 될뻔했다."", ""8. 다진마늘도 1스푼넣고 간장도 1스푼넣고 끓이다가 대파 올려서 마무리 (새마을식당 7분 김치찌개도 어렵지 않다!!!)""]","["""", """", """", """", """", """", """", """"]"
6865062,차돌박이된장찌개 만드는 법,차돌박이된장찌개,4.0,찌개,30.0,초급,"{'차돌박이': '한줌 150g', '양파': '1/8개', '호박': '1/4개', '두부': '1/4모', '청양고추': '2개', '버섯': '약간', '대파': '1/2뿌리', '소금': '약간', '후추': '약간', '다시육수': '적당량'}","[""1. 차돌박이를 먹기좋은 크기로 썰어서 후라이팬이 달궈지면 구워요. 이때 소금후추로 살짝 간을 해주세요.(된장맛이 더 잘 스며들고 좋아요.)"", ""2. 대파는 큼직하게 송송 썰으세요."", ""3. 너무 센불에서 굽지마시고 중불로 굽다가 기름이 나오면 한군데로 모아서 기름을 모아서 그 기름으로 대파를 볶아요.(파기름내는거에요.)"", ""4. 양파는 큼직하게 썰어서 파향이 나면 같이 볶아줘요."", ""5. 호박은 한입크기로 썰어서 같이 볶아주세요."", ""6. 이래야 간이 잘 스며들어요~ 이제 다시육수(멸치는 빼고 다시마로만 육수를 내주세요-그래야 차돌향이 더 강하게나와요.) 육수조금과 된장3숟가락과 고춧가루를 넣고 잘 개서 된장을 후라이팬에 적당량 덜어서 같이 볶아주세요."", ""7. 얼추 볶아지면 냄비에 옮겨담고 육수를 자박하게 넣고 나머지 된장을 넣으세요."", ""8. 한소큼 끓이다가 두부와 청양고추를 넣고 3분간 더 끓이면 완성이에요."", ""9. 고소한 차돌과 된장이 잘 어우러진답니다.""]","["""", """", """", """", """", """", """", """", """"]"
6904659,쓴맛나지 않게~ 동태찌개 끓이는 법(김진옥요리가좋다),동태찌개,4.0,찌개,30.0,초급,"{'동태': '1마리', '무': '1토막', '대파': '2/3대', '양파': '1/4개', '두부': '1/2모', '홍고추': '1개', '청양고추': '2개', '쑥갓': '1줌', '멸치다시마육수': '1000ml', '고춧가루': '4T', '고추장': '1/2T', '된장': '1/2T', '다진마늘': '1T', '국간장': '2T', '미림': '2T', '멸치액젓': '2T', '후춧가루': '소량', '소금': '1/3~1/4T'}","[""1. 1. 쑥갓은 미리 한줌정도 씻어서 찬물에 담궈 줍니다. 쑥갓대신 미나리 한줌을 준비하셔도 좋습니다. 멸치다시마육수도 미리 끓여 1000ml 준비하세요~"", ""2. 2. 무는 큼직하게 썰어주시고요~ 대파도 큼직하게~ 양파는 채썰고요...홍고추,청양고추는 어슷썰어줍니다. 두부1/2모도 큼직하게 썰어줍니다."", ""3. 3.양념장만들기 : 그릇에 고춧가루4T.고추장1/2T. 된장1/2T. 다진마늘1T.국간장2T.미림2T.멸치액젓2T.후춧가루소량를 넣고 골고루 섞어줍니다."", ""4. 4.동태손질하기 : 동태는 지느러미,아가미,내장을 제거합니다. 동태내장속의 검은막을 제거하셔야 쓴맛이 나지 않습니다. 동태는 해동후 손질하시고요 씻어서 준비합니다. 동태 손질법 레시피"", ""5. 5. 냄비에 멸치다시마육수1000ml를 넣고 물300ml를 넣은후 위3번에서 준비한 양념장을 풀어줍니다. 여기에 썰어놓은 무를 넣고 센불로 켠후 끓으면 중불로 줄여 3~4분정도 끓이다가~ (중간중간거품제거)"", ""6. 6. 동태를 넣고요...5분정도 더 끓이다가~~(중불유지)"", ""7. 7. 양파를 넣고 2분더 끓인후"", ""8. 8. 두부,대파,청양고추,홍고추를 넣고요,,, 1~2분정도 더 끓인후 소금간(1/3T~1/4T정도) 하면 완성입니다.""]","["""", """", """", ""동태 손질법 레시피"", """", """", """", """"]"
6885185,돼지고기고추장찌개,돼지고기고추장찌개,2.0,찌개,60.0,아무나,"{'돼지고기': '', '감자': '2개', '애호박': '1/2개', '청양고추': '4개', '다진마늘': '1큰술', '고추장': '2큰술', '양파': '1개', '간장': '3큰술', '설탕': '1큰술', '올리고당': '2큰술', '소금': '2꼬집', '참기름': '2큰술', '고춧가루': '1큰술', '인덱스도마': '', '양푼냄비': '', '요리스푼': ''}","[""1. 애호박, 청양고추, 양파, 감자는 먹기 좋게 썰어주세요. 전 고구마를 사용했어요."", ""2. 돼지고기도 원하는 양만큼 준비하시고 먹기 좋게 썰어주세요."", ""3. 냄비에 참기름 2큰술과 고추장 2큰술을 넣어 약불에 볶아줍니다."", ""4. 참기름과 고추장을 잘 볶아준 뒤, 돼지고기와 다진마늘 1큰술을 넣어 조금 더 볶아주세요."", ""5. 고기에 양념이 잘 버무려지듯 볶아지면, 고춧가루 1큰술도 넣어 같이 볶아주세요."", ""6. 감자, 청양고추, 양파, 애호박을 넣고, 물 한컵 반을 넣어 졸여주세요."", ""7. 간장 3큰술, 설탕 1큰술, 올리고당 2큰술, 소금 두꼬집을 넣어 졸여주세요."", ""8. 야채가 잘 익을때까지 중불과 약불을 번갈아가며 졸여주시면 끝.""]","["""", """", """", """", """", """", """", """"]"
6909351,보글보글 간단한찌개 끓이기 ! 순두부찌개 ;),순두부찌개,2.0,찌개,20.0,아무나,"{'순두부': '1봉지', '양파': '1/2개', '대파': '1대', '물': '1+1/4종이컵', '간장': '2숟가락', '굴소스': '1숟가락', '고춧가루': '3숟가락', '설탕': '1/3숟가락', '청양고추': '1개'}","[""1. 양파는 깍둑썰고 대파는 송송 썰어요. Tip) 매운맛을 좋아하시면 청양고추를 송송 썰어 넣어요."", ""2. 볼에 양념 재료를 넣고 양념장을 만들어요. 볼"", ""3. 냄비에 식용유를 넉넉히 두르고 양파와 대파를 넣어 약불에서 볶아요. 냄비"", ""4. 양념 재료, 물, 순두부를 넣은 후 한소끔 끓여 완성해요. Tip) 순두부는 따로 자를 필요 없이 숟가락으로 떠서 넣어요. Tip) 취향에 따라 완성 전 달걀을 넣어 줘도 좋아요.""]","["""", ""볼"", ""냄비"", """"]"
6868533,【초간단으로 놀부부대찌개 완벽하게 따라잡는 비법~!!】,부대찌개,3.0,찌개,30.0,아무나,"{'스팸': '200g', '비엔나': '+ 일반햄 300g', '대파': '1줄기', '양파': '1/2개', '김치': '1/3공기', '다짐육': '50g', '사리곰탕스프': '1개', '다진마늘': '3T', '고춧가루': '2.5T', '멸치액젓': '1T', '국간장': '1T', '후추': '4톡톡'}","[""1. 저는스팸200g,비엔나+일반햄300g, 굵은대파한줄기, 양파반개,김치는밥공기 기준1/3공기,다짐육 50g 넣었어요~ (버섯이나 원하시는 재료 맘껏 넣어주심 되는데 스팸은 꼭 넣어주시고 다짐육대신 대패삼겹살 넣어도 맛있어요~김치는 많이 넣으시면 김치찌개가 되니 조금만 넣어주셔요^^)"", ""2. 비법 양념장의 비밀은 요스프~!!!!! MSG의 효과는 사골육수 보다 놀랍습니다ㅎㅎ 근데 요스프를 넣고 사골육수를 넣으면 더맛있어 지긴해요ㅎㅎ (사골 육수가 있으신 분들은 사골 육수만 넣으셔도 맛있어요~^^)"", ""3. 스프를 다털어 넣고 다진마늘 3스푼 넣어주세요~좀과하다 싶어도 마늘이 많이 들어가야 맛있어요^^"", ""4. 고춧가루 두스푼반에서 세스푼 취향에 따라 넣어 주시구요^^"", ""5. 국간장한스푼,멸치액젓한스푼,후추4번톡톡 넣으셔서 빡빡한 다대기 양념장을 만들어 주셔요^^"", ""6. 양념장을 넣고 물을부어 끓이시기만 하면 끝입니다^~^ 물은 700ml~750ml정도 넣어 주시면 되셔요^^ 간을보시고 짜다 싶으시면 물을 더넣으셔요^~^ (저는 집에 있던 햄을 처치한다고 이렇게 넣었는데 역시 부대찌개엔 켄터키햄이 들어가야 비줠이 사는거 같아요ㅎㅎ)"", ""7. 베이크드빈스(캔콩) 안넣으셔도 충분히 맛있어요^~^ 다짐육이랑 마늘 때문에 좀 지저븐해 보이지만 장담하건데 스프의 힘은 정말 놀라워요ㅎㅎ 첨먹었을때 놀부 부대찌개와 흡사한 맛에 깜놀 했다죠^~^ㅎㅎ""]","["""", """", """", """", """", """", """"]"
6869395,【순두부찌개】국물이 시원 칼칼한 바지락 순두부찌개 만들기~,바지락순두부찌개,2.0,찌개,30.0,아무나,"{'순두부': '1봉지', '바지락': '15개', '양파': '1/2개', '대파': '1/2줄기', '땡초': '2개', '멸치가루': '1.5T', '파뿌리': '2개', '건표고버섯': '2개', '다시마': '2장', '다진마늘': '1T', '후추': '2번', '새우젓': '2T', '국간장': '1T', '고춧가루': '3T', '식용유': '1T', '참기름': '1T', '굵은소금': '1T'}","[""1. 물에 굵은소금 한스푼 넣고 바지락을 30분 정도 해감해주세요 (검은 비닐봉지로 덮어 주세요^~^)"", ""2. 해감할동안 멸치육수를 준비해 주세요~ 저는 건표고2개,파뿌리2개, 멸치가루1.5스푼,다시마2개로 육수를 냈어요~(다시마는 5분후 건져버리고 나머지는 더끓이시다가 육수가 우러나오면 건더기를 버려 주세요^^)"", ""3. 그사이 양파반개,땡초 2개,대파반줄기,육수에 들어간표고버섯을 먹기좋게 썰어놓고"", ""4. 해감된 바지락은 깨끗한물에 씻어주세요"", ""5. 뚝배기에 참기름한스푼,식용유한스푼,고추가루 세스푼 넣어 약불로 고추기름을 내어 주시다가 (뚝배기라 탈수 있으니 꼭 약불에서 해주세요~)"", ""6. 양파넣고 국간장한스푼 넣어 볶아주시다가"", ""7. 준비한 멸치육수를 넣어 주세요^~^"", ""8. 뽀글뽀글 끓어 오르면 바지락을 넣고 다진마늘 한스푼,후추톡톡,새우젓한스푼 넣어 주세요^~^"", ""9. 뽀글뽀글 끓어 오르면 순두부 한봉지를 삼등분으로 칼로 잘라 넣어 주세요 (자르실때 다 깨질수 있기 때문에 한번 자르시고 넣고 또자르시고 넣고 ~^^)"", ""10. 끓어 오르면 순두부가 부서질수 있기 때문에 조심스레 저어 주세요^~^"", ""11. 마지막으로 대파랑 땡초 넣으시고"", ""12. 뽀글뽀글 끓여 주시면서 거품을 제거 해주세요 ^~^ 모지란간은 새우젓으로 해주세요^^ 전새우젓 한스푼 더넣었어요^^"", ""13. 마지막 끓이 실때 계란하나 톡 깨서 넣어 주시면 비주얼이 더 좋지만 저는 칼칼한맛을 위해 생략했어요~ 국물이 어찌나 시원한지 둘이서 바닥까지 알뜰하게 한뚝배기 클리어 했슴돠ㅎㅎ""]","["""", """", """", """", """", """", """", """", """", """", """", """", """"]"
6864072,콩비지찌개 만드는법 구소한게 일품,콩비지찌개,2.0,찌개,30.0,아무나,"{'콩비지': '2인분', '다진김치': '1공기', '다진돼지고기': '1공기', '참기름': '1~2스푼', '다진마늘': '1스푼', '김치국물': '1국자', '설탕': '1스푼', '고춧가루': '1.5스푼', '국간장': '1스푼', '대파': '약간'}","[""1. 고기는 다진고기 외에도 목살이나 편한고기로 선택하심 될것 같아요 저는 다진돼지고기 1공기랑 김치 쫑쫑 다져서 1공기 준비했어요"", ""2. 맨먼저 냄비에 다진돼지고기와 참기름을 넣어 달달 볶아줍니다 고기가 늘러붙지않도록 잘 볶아주시구요"", ""3. 다진마늘 1스푼 넣어 같이 볶아줍니다 고기가 어느정도 볶아지면 잘게 다져놓은 김치를 넣어 같이 볶아줍니다 김치와 고기는 1:1 비율이 좋다고 해요^^"", ""4. 김치와 고기가 어느정도 잘 볶아지면 물을 2컵정도 부어 끓여줍니다"", ""5. 만드는게 살짝 김치찌개랑 비슷하죠?? 보글보글 끓기 시작하면 설탕 1스푼과 고춧가루 1.5스푼 그리고 국간장 1스푼과 김치국수 1국자 넣어주고 계속 끓여주면 되는데요 비지를 넣으면 살짝 싱거워지기 때문에 비지넣기전 간은 살짝 짜다 싶은게 정상이랍니다!"", ""6. 어느정도 끓었다 싶으면 이제 콩비지를 퐁당~ 넣고 잘 어우러질수 있도록 휘휘 저어줍니다"", ""7. 마지막엔 송송썰은 대파 올려 한번더 끓여주면 맛있는 콩비지찌개 완성이에요""]","["""", """", """", """", """", """", """"]"
6905697,누구나 쉽게 만드는 칼칼하게 매운! 초간단 백종원 김치찌개 레시피,돼지고기김치찌개,4.0,찌개,60.0,초급,"{'김치': '1쪽', '돼지고기': '앞다리살 350g', '양파': '1개', '청양고추': '1개', '고춧가루': '2큰술', '간장': '2큰술', '설탕': '1큰술', '다진마늘': '1/2큰술'}","[""1. 먼저 재료 손질부터 해주세요. 양파 1개, 청양고추 1개, 김치 1쪽을 칼로 썰어주세요. 대파가 있다면 대파 넣으셔도 좋습니다. 저는 없어서 안넣었습니다!(뻔뻔)"", ""2. 물은 1L에 돼지고기 앞다리살 350g을 넣고 된장 1/2큰술 넣고 푹 끓여주세요. 쌀뜨물이 있다면 쌀뜨물 이용하세요!훨씬 구수한 김치찌개를 만들 수 있습니다."", ""3. 끓어오르면 거품, 불순물들은 제거해시구요."", ""4. 준비한 김치를 넣어주세요!"", ""5. 그리고 바로 간장 2큰술, 고춧가루 2큰술, 설탕 1큰술, 다진마늘 1/2큰술도 같이 넣구요 김치의 신 정도에 따라서 설탕을 추가하세요!"", ""6. 뚜껑을 닫고 15-20분 정도 중불에서 끓여주세요."", ""7. 마지막으로 양파와 청양고추를 넣고 5분간 더 끓이시면 맛있는 김치찌개가 완성이 됩니다!""]","["""", ""쌀뜨물이 있다면 쌀뜨물 이용하세요!훨씬 구수한 김치찌개를 만들 수 있습니다."", """", """", ""김치의 신 정도에 따라서 설탕을 추가하세요!"", """", """"]"
6913869,얼큰하고 시원한 된장찌개 요리를 소개하겠습니다.,된장찌개,4.0,찌개,30.0,초급,"{'멸치': '3스푼', '감자': '1/2개', '두부': '1/2모', '애호박': '1/2개', '다진마늘': '1/2스푼', '된장': '1.5스푼', '양파': '1/2개', '청양고추': '3~4개', '고추가루': '1스푼', '파': ''}","[""1. 멸치를 10분정도 끓인후 건져냅니다. (모든 전 과정은 영상으로 보실수 있습니다.) 멸치 중불"", ""2. 된장을 크게 한스푼반 넣었습니다. (집마다 된장의 염도가 다르기 때문에 간을 체크하면서 넣어주세요) 된장"", ""3. 된장을 풀은 육수가 끓는동안 양파,감자를 먹기좋게 썰어줍니다."", ""4. 애호박도 먹기좋게 썰어줍니다."", ""5. 양파,애호박,감자를 넣고 끓여줍니다. 중불"", ""6. 찌개가 끓는동안 두부를 먹기좋게 썰어줍니다."", ""7. 두부를 넣어줍니다. 계속해서 중불로 끓여줍니다. 중불"", ""8. 냄비의 찌개가 끓는동안 파와 청양고추를 썰어줍니다.매운게 싫으시면 청양고추를 빼줍니다."", ""9. 마늘을 1/2스푼 넣어줍니다. 마늘1/2스푼 중불"", ""10. 고추가루를 한스푼 넣고 잘 풀어줍니다.(매운게 싫으면 고추가루를 빼주셔도 됩니다.) 고추가루1스푼 중불"", ""11. 파와 청양고추를 넣어줍니다. 파,청양고추"", ""12. 한번 푹 끓여주면 됩니다.""]","["""", ""된장"", """", """", ""중불"", """", ""중불"", """", ""마늘1/2스푼"", ""고추가루1스푼"", ""파,청양고추"", """"]"
6895149,사리곰탕면 부대찌개 끓이기 와! 이럴수가~,부대찌개,1.0,찌개,10.0,아무나,"{'사리곰탕라면': '', '스팸': '', '소세지': '', '김치': '', '양파': '', '대파': '', '다진고기': '', '다진마늘': '', '고춧가루': '', '국간장': '', '액젓': '', '후추': '', '물': ''}","[""1. 먼저 소스를 만들어줄 겁니다. 분말스프와 후레이크를 넣어주지요."", ""2. 다진 마늘 0.5, 고춧가루 3, 국간장 1, 멸치액젓 1, 후추 톡톡톡 양념들을 넣고 개어줍니다. 뻑뻑하네요. 이것이 사리곰탕면 부대찌개 소스가 될 거랍니다."", ""3. 다진고기, 스팸, 소세지, 대파, 그리고 사진은 못 찍었지만 김치와 양파도 준비해줍니다, 다진 고기가 없어서 카레 해먹으려고 사놓은 고기를 다져서 후추를 뿌려놓았어요."", ""4. 냄비에 스팸, 소세지, 김치, 양파, 대파를 가지런히 놓아줍니다. 사실 사진 찍느냐고 이렇게 놓았지만 카메라 놓고 만들면 그냥 막 쓸어 담죠. 처음에 만들어 놓은 양념장을 전부 넣어줍니다."", ""5. 물은 700ml 넣고 끓여줍니다. 보글보글 끓어서 국물을 떠먹어보니 아~~~~ 대박!!! 정말 사 먹는 부대찌개 국물이 아니던가? 이거 누가 발견한 거랍니까? 존경스럽네요. ㅋㅋㅋ"", ""6. 끓으면 면을 넣고 끓여줍니다. 사리곰탕면 부대찌개 1인분으로 끓였는데 1.5인분이 되었네요."", ""7. 사리곰탕면 부대찌개가 보글보글 너무나 맛있게 끓고 있죠? 어쩜 사 먹는 부대찌개와 다를 바 없는 맛이었답니다.""]","["""", """", """", """", """", """", """"]"
4674532,차돌박이된장찌개,차돌박이된장찌개,2.0,찌개,15.0,초급,"{'소고기차돌박이': '200g', '호박': '1/2개', '양파': '1/4개', '표고버섯': '1개', '팽이버섯': '1개', '대파': '1/2개', '청양고추': '2개', '두부': '1/2모', '멸치육수': '4컵', '된장': '4큰술', '고춧가루': '1큰술'}","[""1. 재료를 준비하고 먹기좋은 크기로 썰어줍니다. 표고는 건표고로 따뜻한 물에 불려 기둥을 떼고 썰어 사용했어요."", ""2. 멸치와 다시마를 넣고 멸치육수를 끓입니다. 찬물부터 넣고 끓여야 국물맛이 좋아요. 끓으면 5분뒤에 다시마는 건져내고 중불로 약간만 더 끓인후에 불을 끕니다."", ""3. 멸치육수에 된장을 먼저 푼 다음 파를 뺀 나머지 재료를 넣고 끓여요. 전 된장끓일 때 두부나 재료를 같이 넣고 끓여야 재료에 된장맛이 같이 베여서 맛이 좋더라구요."", ""4. 차돌박이와 버섯도 넣고 보글보글 끓여주세요. 마지막에 대파를 넣고 약간 더 끓이면 완성이에요.""]","["""", """", """", """"]"
6898937,간단하지만 맛있는 순두부찌개 끓이기,순두부찌개,4.0,찌개,30.0,초급,"{'돼지고기다짐육': '200g', '양파': '1/2개', '애호박': '1/2개', '다진마늘': '1스푼', '파': '많이', '순두부': '2봉지', '진간장': '1스푼', '국간장': '2스푼', '새우젓': '1/2스푼', '고춧가루': '5스푼', '청량고추': '1개'}","[""1. 기름을 두르고 파를 볶아 파기름을 내준다"", ""2. 파기름 향이 올라오면 양파를 넣는다"", ""3. 양파가 투명하게 익을때쯤 돼지고기 다짐육 200g과 다진마늘 1스푼을 넣고 잘 볶아준 후 진간장1스푼, 국간장 2스푼을 넣고 섞는다"", ""4. 뭉쳐있는 다짐육은 잘 풀어주고, 고춧가루 5스푼을 넣는다"", ""5. 냄비의 절반 정도만 물을 넣고 새우젓을 1/2스푼 넣는다.(생략가능)"", ""6. 애호박과 순두부를 넣고 끓여준다"", ""7. 개인기호에 맞춰 간이 부족하면 국간장이나 소금을 조금 추가한 후 청량고추를 넣어준다""]","["""", """", """", """", """", """", """"]"
6912220,"순두부찌개. 바지락, 고기 없이도 기가 막힌 순두부찌개 만드는 법 / 만들기 / 순두부찌개 황금 레시피",순두부찌개,1.0,찌개,30.0,아무나,"{'순두부': '', '대파': '1/4개', '양파': '1/4개', '애호박': '1/4개', '청양고추': '1개', '달걀': '1개', '참기름': '1큰술', '식용유': '2큰술', '고추가루': '1.5큰술', '소금': '1/2큰술', '설탕': '1꼬집', '굴소스': '1큰술', '간장': '1큰술', '다진': '마늘 1큰술', '멸치육수': '', '뚝배기': '', '나무도마': '', '요리젓가락': '', '요리스푼': ''}","[""1. 제일 먼저 멸치 육수를 끓여주세요. 멸치외에 있으면 표고버섯 약간, 다시마 약간 넣고 끓이면 되는데 없으면 멸치만 넣고 그냥 끓여도 됩니다. 그 다음은 채소를 손질해야겠죠. 대파 1/4과 양파 1/4을 잘게 썰어주시고요."", ""2. 매콤한걸 좋아하시는분은 청양고추 하나 어슷하게 썰어주시고"", ""3. 호박 1/4은 반달 모양으로 썰어주세요."", ""4. 재료손질은 벌써 끝났네요. 다음은 준비한 뚝배기나 냄비에 참기름 1큰술, 식용유 2큰술을 넣어주세요."", ""5. 그리고 준비한 양파, 대파를 넣고 볶아주세요."", ""6. 그리고 고추가루 1큰술 반을 넣고 고추기름을 만들어줍니다. 매운걸 못드시는 분은 한큰술만 넣으세요."", ""7. 고추기름을 만들었으면 소금 반큰술, 설탕 한꼬집을 넣어주세요. 설탕은 안넣으셔도 되긴 한데 보통 식당에서는 넣죠."", ""8. 그 다음엔 굴소스 1큰술, 간장 1큰술을 넣고 저어서 섞어주세요."", ""9. 그 다음은 멸치육수를 부어주세요. 준비된 냄비에 반 정도를 채워주세요. 너무 많이 부으면 순두부 넣을때 넘칩니다."", ""10. 자 이제 팔팔 끓여줍니다. 끓기 시작하면 호박과 고추를 넣고, 다진마늘도 한큰술 넣어주세요~"", ""11. 그 다음은 순두부를 넣어줍니다."", ""12. 마지막으로 달걀과 파를 넣어 마무리 해줍니다."", ""13. 제눈에는 엄청 맛있어 보이는데 어떠세요? 사실 순두부찌개의 맛을 좌우하는 바지락이나 돼지고기 없이 맛을 내려면 쉽지 않은데요. 제가 생각하는 포인트는 바지락이나 돼지고기가 없으면 굴소스 정도는 꼭 들어가야 하고, 멸치육수도 필요합니다. 그리고 간이 적당히 맞아야 합니다.""]","["""", """", """", """", """", """", """", """", """", """", """", """", """"]"
4081528,차돌된장찌개,차돌된장찌개,,찌개,30.0,중급,"{'차돌박이': '120g', '양파': '1/3개', '애호박': '3센티 1토막', '두부': '1/3모', '버섯': '약간', '대파': '적당히', '된장': '2T', '고추가루': '1T', '맛술': '1T', '멸치가루': '2T', '다진마늘': '1/2T', '청주': '1T', '유리볼': '', '도마': '', '조리용나이프': '', '뚝배기': '', '요리스푼': ''}","[""1. 된장양념입니다. 된장2큰술, 고추가루1큰술, 맛술1큰술, 멸치가루2큰술, 다진마늘1/2큰술 이렇게 미리 만들어 숙성시키면 정말 맛있는 된장찌개가 됩니다~"", ""2. 된장찌개에 넣을 재료 모두 준비 야채들은 모두 넣어 주셔요~ 차돌박이는 청주 한큰술 넣어 두었답니다."", ""3. 뚝배기에 미리 양념해둔 된장을 딸딸딸 볶아 줍니다. 이 과정을 거쳐야 된장찌개가 더더더 진하고 구수해 진답니다."", ""4. 된장을 달달 볶다가 구수한향이 올라오면 생수 3C을 부어주고 미리 청주부어 밑간해둔 차돌박이를 넣어줍니다 . 찬물에 고기를 넣어 팔팔 끓여줘야 육수가 쪽쪽 나옵니다..ㅎㅎ"", ""5. 팔팔 끓어오르면 애호박과 두부,대파를 제외한 야채들을 넣고 끓여줍니다."", ""6. 거품 걷어내시면서 애호박과 두부를 넣고 한번더 후루룩~~끓여줍니다."", ""7. 대파 총총 넣고 마무리~~""]","["""", """", """", """", """", """", """"]"
6891575,초간단 순두부찌개 간단하지만 깊은맛이 나는 순두부찌개 만드는법!! (야매순두부찌개),순두부찌개,2.0,찌개,15.0,아무나,"{'순두부': '1개', '고추참치': '1개', '다진마늘': '1스푼', '참기름': '2스푼', '고춧가루': '1스푼', '국간장': '1스푼', '대파': '1대', '계란': '1개', '뚝배기': '', '요리스푼': '', '도마': '', '조리용나이프': ''}","[""1. 뚝배기나 냄비에 참기름 2스푼을 둘러 주세요 중불"", ""2. 참기름을 두른 뚝배기에 고추참치를 넣고 잘게 으깨 주면서 1분정도 볶아 주세요 중불"", ""3. 1분정도 고추참치를 볶은 뒤 다진마늘도 넣어 고추참치와 잘 섞일 정도로 볶아 주세요"", ""4. 다진 마늘이 잘 섞여 볶아 졌다면 준비 해 놓은 순두부를 먼저 넣어주세요 중불 순두부를 먼저 넣게되면 물양을 맞추기가 쉽답니다"", ""5. 순두부가 반보다 조금더 잠기게 물을 넣어 주세요 쎈불"", ""6. 물을 부은뒤 물이 보글보글 끓기 시작하면 고춧가루 1스푼과 쎈불"", ""7. 국간장 1스푼을 넣어 간을 맞춰주시고 쎈불"", ""8. 마지막으로 송송 썰어놓은 대파와 계란을 퐁당 ~ 넣어주시고 계란 겉면이 익을 정도로만 끓여주시면 ! 쎈불 매운것을 좋아하시는 분은 대파 넣을때 청양고추도 함께 넣어주시면 굿!"", ""9. 고추참치 순두부찌개 완성!!""]","[""중불"", ""중불"", """", ""중불"", ""쎈불"", ""쎈불"", ""쎈불"", ""쎈불"", """"]"
6840237,묵은지로 만든 백종원 꽁치김치찌개 설탕잡기,꽁치김치찌개,2.0,찌개,30.0,아무나,"{'꽁치통조림': '1개', '김치(묵은지)': '1/4통', '참기름': '1큰술', '물(통조림통)': '1번', '파': '조금', '청양고추': '조금', '된장': '1/2큰술', '고추가루': '2큰술', '설탕': '1큰술', '다진마늘': '1큰술'}","[""1. 달군 냄비에 참기름 1큰술을 두르고"", ""2. 김치 1/4 분량을 먹기좋은 크기로 썰어 넣고 중불에서 숨이 죽을때까지 볶아주세요"", ""3. 꽁치통조림을 국물까지 모두 넣어주세요 (국물이 진한 양념역활/비리지않음 걱정없이 실행하세요)"", ""4. 꽁치통조림 통에 가득 물을 담아 넣어 센불로 끓을때까지 끓여주세요"", ""5. 끓어오르기 시작하면 중불로 줄이고 된장 1/2큰술, 고추가루 2큰술, 설탕 1큰술, 다진마늘 1큰술을 넣고 꽁치를 슬쩍 피해 양념이 섞이도록 뒤적여줍니다."", ""6. 중불로 자작하게 끓이며 국물의 양념이 베었을때 청양고추 조금과 파를 올려주면 완성!!""]","["""", """", """", """", """", """"]"
6923487,대박식당 돼지고기 김치찌개 황금 레시피,돼지고기김치찌개,2.0,찌개,20.0,초급,"{'돼지고기': '밥한공기분량 300g', '김치': '400g', '간장': '2스푼', '고춧가루': '1스푼', '참기름': '1스푼', '다진마늘': '1스푼', '김치국물': '4스푼'}","[""1. 돼지고기에 위에 분량의 양념을 넣고 조물조물 무쳐 주세요"", ""2. 냄비에 양념된 돼지고기를 넣고 볶아줍니다 약불"", ""3. 고기가 익으면 김치를 넣고 나른해질때까지 볶아 줍니다 약불"", ""4. 센불에서 물600ml(3컵분량)를 넣고 팔팔 끓으면 약불로 줄여 20분 정도 느긋하게 더 끓여 주세요 센불>약불 멸치육수나 쌀뜨물,사골육수를 넣으면 더 깊은맛이 납니다. 특히,멸치육수 추천 드려요.""]","["""", ""약불"", ""약불"", ""센불>약불""]"
4053370,부대찌개 끓이기,부대찌개,4.0,찌개,30.0,아무나,"{'멸치': '', '다시마': '', '신김치': '80g', '대파': '80g', '캔콩': '3숟가락', '줄줄이햄': '18개', '떡': '2줌', '스팸': '160g', '고추가루': '2T', '국간장': '1T', '맛술': '1.5T', '다진마늘': '1T', '후추': '약간', '라면스프': '1/2'}","[""1. 멸치 10마리정도 자른다시마 몇장넣고 물 8컵정도 부어 끓이다가팔팔끓으면다시마를건져 낸후 10분정도 더끓여줍니다."", ""2. 양념.고추가루 2국간장 1 맛술1.5 다진마늘.후추약간넣고 양념을 잘섞어줍니다."", ""3. 김치.대파 캔콩.줄줄이햄.,스팸.을차래대로 넣어줍니다."", ""4. 재료가 잠길랑말랑할 정도로 육수를 4컵정도 부어줍니다."", ""5. 양념장을 올려서 끓여줍니다."", ""6. 끓을때 라면스프를넣어줍니다."", ""7. 팔팔 끓으면 라면을 올려줍니다."", ""8. 보글보글 끓으면 잘섞어줍니다."", ""9. 라면이 익을때 까지기다렸다가 드시면된답니다 .""]","["""", """", """", """", """", """", """", """", """"]"
6871400,"백종원 두부짜글이 만들기 ,, 밥도둑 인기메뉴 간단 레시피~!",두부짜글이,2.0,찌개,30.0,아무나,"{'두부': '1/2모', '새송이버섯': '약간', '청양고추': '1개', '양파': '1/2개', '대파': '1/3대', '쌀뜨물': '적당량', '고춧가루': '2큰술', '설탕': '1/2큰술', '간장': '1큰술', '고추장': '1큰술', '다진마늘': '1큰술', '들기름': '1작은술', '새우젖': '1작은술'}","[""1. 두부와 야채들은 먹기 좋은 크기로 잘라 준비해주세요"", ""2. 분량의 양념장 만들어 주고~"", ""3. 팬에 버섯과 야채들을 양념과 잘 섞어주세요"", ""4. 오목한 팬에 양념이 된 야채와 버섯을 깔아주고 위에 두부를 자연스럽게 올려줍니다"", ""5. 양이 많으면 야채와 두부를 중간중간 섞이게 올려주면 좋아요 두부에 양념이 더 잘 베여요"", ""6. 밥하면서 준비해 두었던 쌀뜨물을 재료들 위에 자박하게 부어줍니다 멸치 다시마 육수도 좋아요 이제 중불에서 끓여주기 시작해요"", ""7. 너무 센 불에서 졸이다 보면 양념이 골고루 배기 전에 눌러 탈수도 있어요 중불에서 서서히 졸여주는 것이 맛있는 백종원 두부짜글에 포인트랍니다"", ""8. 맘에 들게 ,, 자박하게 조려지면 대파를 넣어주고 한소끔 끓여주면두부짜글이 완성이에요 들기름이 들어가선가 보드랍고 잘 조려져 먹음직스러운 두부짜글이 맛있어 보이지요 ~ +.+"", ""9. 늘 고기를 넣어 만들었던 짜글이 두부만 넣었어도 행복한 밥상으로 충분하네요 깻끗하게 클리어~~~ +.+ 오늘 저녁 두부짜글이 만들어 보세요 반찬 걱정 없이 충분히 만족할 거 같아요""]","["""", """", """", """", """", """", """", """", """"]"
6872490,백종원 새마을식당 7분김치찌개 만드는 법,김치찌개,4.0,찌개,30.0,초급,"{'묵은지': '종이컵 세컵 1/4포기', '돼지고기': '종이컵 한컵 150g', '쌀뜨물': '4컵', '된장': '0.5큰술', '청양고추': '취향껏 1개', '다진마늘': '1큰술', '고춧가루': '2큰술', '대파': '적당량', '국간장': '1큰술', '새우젓': '1큰술', '믹싱볼': '', '도마': '', '조리용나이프': '', '냄비': '', '요리스푼': '', '국자': '', '대접': ''}","[""1. 먼저 속을 털어낸 묵은지 1/4포기를 잘게 썰어서 준비하구요. 돼지고기도 한 컵 준비해요. 그리고 대파와 청양고추도 송송 썰어 준비합니다. ++ 김치와 돼지고기의 비율은 3 :1 ++"", ""2. 냄비에 쌀뜨물 4컵과 돼지고기 1컵을 넣어주시구요. 김치찌개의 깊은 맛과 돼지고기의 잡내 제거를 위해 된장도 반 큰 술도 넣어줍니다. 그리고 쌀뜨물이 끓으면서 떠오르는 불순물과 거품은 모두 건져주세요."", ""3. 돼지기름이 국물에 충분히 우러나온 것 같다 싶으면 잘게 썰어둔 묵은지를 투척-"", ""4. 고춧가루 2 큰 술과 다진 마늘 1 큰 술, 국간장 1 큰 술을 넣어주시구요. 간은 새우젓으로!"", ""5. 맛이 2%가 부족한 것 같다면 김치 국물을 3-4 큰 술 넣어주셔도 좋아요. 어슷 썬 청양고추 1개도 넣고 - 저는 팽이버섯도 조금 넣어줬어요."", ""6. 마지막으로 대파까지 올려주면 백종원 새마을식당 7분 김치찌개 만드는 법, 끝!"", ""7. 김치 국물에 돼지기름이 보이시나요? 이게 바로 7분 김치찌개의 포인트라고 하죠! ㅎㅎㅎㅎ"", ""8. 아 정말 맛있게 먹었어요 ㅠㅠ 신랑도 입맛에 딱 맞았는지 김치찌개 건더기를 폭풍 흡입하더니 남은 국물에 라면사리 하나를 끓여먹더라니까요 ㅋㅋㅋㅋㅋㅋㅋ 신랑의 이런 적극적인 모습을 넘 오래간만에 봐서 저도 한 젓가락 뺏어 먹었다는 건 비밀 ㅋㅋㅋㅋㅋ 새마을식당 7분 김치찌개 그리운 분들 꼭 한 번 끓여드셔보세요! 단, 김치가 맛있어야 김치찌개도 맛있다는 거-""]","["""", """", """", """", """", """", """", """"]"
6876870,구수한 청국장 한그릇 하실래예?!,청국장,2.0,찌개,10.0,아무나,"{'청국장': '1덩이', '된장': '1스푼', '양파': '1/2개', '김치': '1그릇', '대파': '1줌', '멸치': '육수용 5-6마리', '물': '600ml', '다진마늘': '1/2스푼', '두부': '작은거 1모'}","[""1. 청국장은 마트에서 두부파는 코너에 있더라구요 한덩이 사왔습니다~"", ""2. 일단 제일 먼저 육수를 끓여주세요 멸치와 물 600ml정도 넣고 끓여요"", ""3. 물이 끓기 시작하면 멸치는 빼내고 먹기좋게 썰은 김치를 넣어요"", ""4. 양파도 먹기좋게 썰어서 넣구요"", ""5. 대파도 한줌 넣어요"", ""6. 다진마늘은 반스푼"", ""7. 자 이제 된장을 한스푼 떠서 풀어줘요"", ""8. 보글보글 잘 끓을때"", ""9. 드디어 청국장 투하! 제가 청국장 다 넣어봤는데 저한테는 청국장 향이 너무 진하더라구요 기호에 맞게 2/3정도 넣어서 먼저 맛 보시고 넣으세요~"", ""10. 푹푹 끓여줍니다"", ""11. 두부는 요즘 납작하게 반모짜리 팔더라구요 그거 하나 다썰어 넣었어요"", ""12. 두부도 넣어서 잘 끓여주면 완성!!!!"", ""13. 그릇에 예쁘게 담아 떠먹으면 밥도둑이 따로없는 청국장!""]","["""", """", """", """", """", """", """", """", """", """", """", """", """"]"
6874050,돼지고기 순두부찌개 얼큰하게 끓여서리~홀짝 홀짝!!,돼지고기순두부찌개,4.0,찌개,30.0,아무나,"{'순두부': '1봉지', '고기': '100g', '양파': '1개', '대파': '2뿌리', '청양고추': '4개', '팽이버섯': '1봉지', '계란': '1개', '마늘': '2큰술', '진간장': '2큰술', '고춧가루': '3큰술', '소금': '1작은술'}","[""1. 순두부랑 돼지고기랑 계란이랑 야채들을 준비했어요. 고기는 핏물을 빼고 먹기 좋게 자르고요. 청양고추는 5개 준비했다가 하나 뺐어요. 울 가족 눈물 콧물 다 흘릴 것 같아서요.ㅎㅎ"", ""2. 대파 줄기는 반으로 갈라서 대파는 1cm 정도. ㅎㅎ 아무리 봐도 1cm는 넘는다죠.ㅋㅋ"", ""3. 야채는 이렇게 준비하고요"", ""4. 아무리 더워도 찌개는 보글보글 뚝배기에 끓여야 제 맛! 참기름 1큰술 두르고요."", ""5. 고춧가루 3 큰 술 넣고 섞듯이 약불에 볶아줍니다. 고춧가루를 불리는 과정이랍니다. 센 불 no! 절대 아니 됨. 백퍼 탑니다."", ""6. 살살 섞듯이~ 이래놓고 불 끄고요."", ""7. 돼지고기 투하!! 진간장 2 큰 술 투하! 마늘 2 큰 술 투하!! 진간장을 넣었더니 국물이 생겼네요."", ""8. 복음 볶음 ~~"", ""9. 돼지고기가 약간 볶아지면 물 한 컵을 넣고 볶듯이 끓여주다가"", ""10. 물 3컵을 넣어서 다시 끓여줍니다."", ""11. 돼지고기는 다 익었다지요."", ""12. 보글보글 또 끓어요."", ""13. 대파 줄기 억센 녀석들을 먼저 투하해서 국물 맛을 좀 내려고요. 대파 마지막에 올리는 것은 남겼어요."", ""14. 순두부 넣고요. 순두부는 3등분 해서~"", ""15. 양파 팽이 고추 대파까지 몽땅 넣었어요."", ""16. 돼지고기 순두부찌개가 끓으면 계란 하나 예쁘게 올리고요."", ""17. 끓으면 마무리! 뚝배기라 계란을 다 안 익혀도 휘릭 섞으면 다 익는다죵."", ""18. 보들보들 부드러운 순두부찌개! 돼지고기를 워낙 좋아하는 집이라 돼지고기를 넣었는데요. 쇠고기를 넣어도 구수하니 맛이 좋아요""]","["""", """", """", """", """", """", """", """", """", """", """", """", """", """", """", """", """", """"]"
6924025,식당보다 맛있는 간단 부대찌개 레시피,부대찌개,2.0,찌개,15.0,초급,"{'스팸': '+비엔나 1/2~2줌', '두부': '1/2모', '대파': '1/2개', '양파': '1/2개', '김치': '1줌', '사골곰탕': '1봉지', '고춧가루': '2스푼', '고추장': '1스푼', '간장': '2스푼', '다진마늘': '1스푼', '후추': '2번'}","[""1. 햄들,야채,두부,김치는 적당한 크기로 잘라 줍니다."", ""2. 고추가루2,고추장1,다진마늘1,간장2,후추 조금을 넣고 양념을 만들어 주세요"", ""3. 냄비에 햄들,김치,두부,파,양파를 차곡차곡 넣어 준후 사골곰탕 1봉지를 부어 줍니다."", ""4. 10분정도 끓여주면 완성 입니다 중불 라면사리를 넣어 끓여먹어도 꿀맛♡""]","["""", """", """", ""중불""]"
6869764,부대찌개 황금레시피! 육수 NO!,부대찌개,4.0,찌개,30.0,아무나,"{'작은캔햄': '1캔', '소시지': '2개', '두부': '1/2모', '김치': '1컵', '양파': '1/2개', '파': '1대', '당면': '1줌', '팽이버섯': '1묶음', '슬라이스치즈': '1장', '라면사리': '1개', '고춧가루': '2T', '간장': '2T', '설탕': '1T', '다진마늘': '1T', '다시다': '또는 라면스프 0.5T', '후추': '톡톡', '물': '4컵'}","[""1. 먼저 당면부터 물에 불려주세요"", ""2. 양파는 도톰하게 채썰기!"", ""3. 파도 송송"", ""4. 두부도 큼직큼직"", ""5. 소시지도 얇게 썰어주세요"", ""6. 캔햄은 너무 얇으면 아쉬우니 도톰하게!"", ""7. 빙글빙글 둘러주세요"", ""8. 가운데 다진김치와 양념장을 분량대로 만들어 올려주세요"", ""9. 당연 육수를 쓰면 좋지만 오늘은 육수없이!! 그냥물로!"", ""10. 한번끓으면 당면,라면사리,팽이버섯,파 모두 넣고 끓여주세요"", ""11. 마지막 치즈까지 올려주면 완성!""]","["""", """", """", """", """", """", """", """", """", """", """"]"
6879113,한우차돌박이청국장찌개! 구수한 향내에 반한다! (국물요리),차돌박이청국장찌개,4.0,찌개,60.0,아무나,"{'한우': '차돌박이 185g', '청국장': '120g', '된장': '1작은술', '신김치': '90g', '두부': '1/2모', '양파': '1/2개', '애호박': '1/4개', '청양홍고추': '1개', '청양고추': '1개', '쪽파': '2대', '멸치다시마육수': '3컵', '오일': '조금'}","[""1. 신 김치는 속을 털어내고 먹기 좋게 썰고, 두부, 애호박, 양파는 깍둑 썰어주세요. 청양 홍고추, 청양고추, 쪽파는 송송 썰어주세요."", ""2. 한우차돌박이는 키친타월로 꾹 눌러 핏물을 제거한 뒤 듬성듬성 썰어 볼에 담고, 썰어 둔 신 김치를 넣고 섞어주세요."", ""3. 달구어진 팬에 오일 살짝 두르고, 섞어뒀던 차돌박이+신 김치를 넣고 달달 볶아주세요."", ""4. 멸치 다시마 육수를 붓고 된장을 풀어준 뒤 끓여주세요. 끓으면 청국장, 고춧가루를 넣고 끓여주세요."", ""5. 두부, 양파, 애호박, 다진 마늘을 넣고 끓여주세요."", ""6. 마지막으로 청양 홍고추, 청양고추, 쪽파를 넣고 한소끔 더 끓여주세요.""]","["""", """", """", """", """", """"]"
6888194,사골육수로 간단하게 부대찌개 끓이기,사골부대찌개,1.0,찌개,60.0,초급,"{'사골육수': '300ml', '신김치': '조금', '대파': '조금', '양파': '1/4개', '통조림햄': '1/3개', '비엔나': '조금', '두부': '1/3모', '고춧가루': '1스푼', '고추장': '1스푼', '간장': '1스푼', '설탕': '1스푼', '다진마늘': '1스푼', '라면사리': '1/2개'}","[""1. 야채와 햄, 두부는 먹기 좋은 크기로 썰고 신김치는 설탕을 살짝 뿌려 신맛을 중화시켜주세요"", ""2. 고춧가루 1스푼, 고추장1스푼, 간장 1스푼, 설탕 1스푼, 다진마늘 1스푼 넣고 양념장을 만들어 주세요"", ""3. 냄비에 김치,양파, 파를 깔고"", ""4. 햄과 두부를 올려줍니다"", ""5. 사골육수를 자작하게 부어주고 양념을 위에 올려주세요 양념은 넉넉하게 만들어 사골육수 간에 맞춰 조절해요"", ""6. 뚜껑을 덮고 15-20분 동안 충분히 끓여줍니다 야채와 김치에서 맛이 우러나도록 천천히 오래 끓여주세요 중간에 양념을 잘 풀어 섞어주세요"", ""7. 김치와 양파가 충분히 익도록 끓여주면 완성! 취향에 따라 라면사리, 만두 등등을 넣어주세요""]","["""", """", """", """", ""양념은 넉넉하게 만들어 사골육수 간에 맞춰 조절해요"", ""중간에 양념을 잘 풀어 섞어주세요"", """"]"
6844833,2tv 저녁 생생정보 (생생정보통) 콩 비지찌개,콩비지찌개,4.0,찌개,30.0,아무나,"{'콩비지': '시판용 1팩', '김치': '국물 100CC', '청양고추': '다진거 1/2큰술', '참깨': '간거 1큰술', '새우젓': '1/2큰술', '신': '김치 300g', '간': '돼지고기(뒷 다리살) 200g', '참기름': '3큰술', '설탕': '1/3큰술'}","[""1. 콩비지 1팩을 그릇에 짜 줍니다."", ""2. 간 참깨 1큰 술을 넣어 줍니다. 물 1컵을 넣고 저어줍니다."", ""3. 뚝배기를 준비해 줍니다. 먼저 센 불에서 시작합니다."", ""4. 뚝배기에 간 돼지고기 200g을 넣어 줍니다."", ""5. 신김치 1/8포기(300g)를 잘게 썰어 넣어주고, 김치 국물 반 컵(100CC)를 넣고 3분간 볶아 줍니다. 김치 국물 반 컵(100CC)를 넣고 3분간 볶아 줍니다."", ""6. 콩비지 1팩을 넣고, 참기름 3큰 술을 넣고 6분간 저어가면서 끓여줍니다."", ""7. 물 1컵(200cc), 다진 청양고추 1/2큰 술,"", ""8. 새우젓 1/2큰 술을 넣고 다시 한 번 3분 간 저어주며 끓어줍니다."", ""9. 설탕 1/3큰 술을 넣어 감칠맛을 살려 줍니다. 마지막으로 기호에 따라 파와 고추가루를 넣어 줍니다."", ""10. 맛있는 콩비지찌게 완성!""]","["""", """", """", """", """", """", """", """", """", """"]"
6862502,매콤한 김치와 보드라운 순두부의 만남! 김치순두부찌개!!,김치순두부찌개,2.0,찌개,30.0,아무나,"{'김치': '1컵', '순두부': '1팩', '대파': '10cm 1대', '달걀': '1개', '멸치다시마육수': '500ml', '참기름': '1T', '고춧가루': '1/2T', '다진마늘': '1T', '국간장': '1/2T', '소금': '약간', '후추': '약간'}","[""1. 김치는 한입 크기로 썰고 대파는 송송 썰어 준비한다. 김치 1cup, 대파 10cm 1대"", ""2. 달군 냄비에 참기름을 넣고 다진마늘, 고춧가루를 넣어 볶는다. 참기름 1T, 다진마늘 1T, 고춧가루 1/2T 냄비"", ""3. 2에 김치를 넣어 볶는다."", ""4. 3에 멸치다시마육수를 넣어 한소끔 끓인다. 멸치다시마육수 500ml"", ""5. 4에 순두부와 국간장을 넣어 한소끔 더 끓인다. 순두부 1팩, 국간장 1/2T"", ""6. 한소끔 끓인 냄비에 달걀과 대파를 넣어 완성한다. 달걀 1개 냄비 부족한 간은 소금이나 새우젓으로 더한다.""]","[""김치 1cup, 대파 10cm 1대"", ""참기름 1T, 다진마늘 1T, 고춧가루 1/2T"", """", ""멸치다시마육수 500ml"", ""순두부 1팩, 국간장 1/2T"", ""달걀 1개""]"
4295567,"돼지고기김치찌개, 김치찌개 맛있게 끓이는법, 돼지김치찌개 만드는법, 목살 김치찌개..",돼지고기목살김치찌개,,찌개,,초급,"{'배추김치': '420g', '돼지목살': '300g', '멸치육수': '3컵', '대파': '1/4대', '양파': '1/4개', '다진마늘': '1숟갈', '고추가루': '1숟갈', '국간장': '2숟갈', '김치국물': '4숟갈', '참기름': '1숟갈', '후추': '약간', '냄비': '', '도마': '', '조리용나이프': '', '요리스푼': ''}","[""1. 멸치육수를 진하게 3~4컵정도 만들어주세요~"", ""2. 돼지목살을 큼직하게 썬후 고기양념을 넣고 조물조물 버무려주세요~"", ""3. 배추김치를 큼직하게 듬성듬성 썰어주세요~~"", ""4. 냄비에 양념한 돼지목살을 넣고 달달 볶아주세요"", ""5. 김치를 넣고 김치가 나른해지는 느낌이 들도록 볶아줍니다~"", ""6. 멸치육수를 넣고 냄비 뚜껑을 덮은후 약불에서 부글부글 끓여주세요~"", ""7. 마지막에 채썬 양파와 어슷썬 대파를 넣고. 한소끔 더 끓여내면 완성입니다.""]","["""", """", """", """", """", """", """"]"
4521719,부대찌개 끓이는 법,부대찌개,,찌개,,초급,"{'통조림햄': '작은크기 1통', '비엔나': '2줌', '콩나물': '2줌', '파': '조금', '라면사리': '1개', '다진소고기': '100g', '사각어묵': '2장', '김치': '2줌', '양파': '1/2개', '호박': '생략가능 1/3토막', '렌즈콩': '생략가능', '멸치': '', '무': '', '월남고추': '', '국간장': '1T', '고추장': '1T', '고춧가루': '2T', '다진마늘': '1작은술', '생강가루': '약간', '맛술': '1T'}","[""1. 육수는 멸치와 무, 월남고추를 넣어 푹 끓여 만들어 둡니다. 부대찌개 들어가는 햄, 야채는 먹기좋게 손질합니다. 멸치 손질법 레시피"", ""2. 분량의 양념 재료를 섞어 양념장을 만들어 둡니다."", ""3. 냄비에 재료들을 둘러 담아줍니다."", ""4. 양념장도 넣고 육수를 부어 끓입니다."", ""5. 재료가 거의 익을때까지 끓입니다."", ""6. 다 익어갈즈음 데친 라면사리와 파를 넣고 간을 맞추면 완성입니다.""]","[""멸치 손질법 레시피"", """", """", """", """", """"]"
4591706,부대찌개 맛있게 끓이는 법,부대찌개,2.0,찌개,30.0,초급,"{'후랑크소세지': '4개', '네모난햄': '조금', '대파': '조금', '김치': '1줌', '느타리버섯': '1줌', '팽이버섯': '', '라면사리': '1개', '다시마': '멸치 육수 적당량', '고추가루': '2TS', '고추장': '1TS', '어간장': '2TS', '마늘': '1TS', '설탕': '취향껏가감'}","[""1. 냄비에 먼저 다시마와 멸치를 넣어서 진한 육수를 만들어줍니다."", ""2. 그리고 햄들은 먹기좋은 크기로 썰어주시고,"", ""3. 고추가루 2TS, 고추장 1TS, 어간장 2TS, 마늘 1TS을 섞어 양념을 만들어주세요."", ""4. 먹기좋게 썰어놓은 햄과 버섯..그리고 김치와 양념장을 전골냄비에 골고루 잘 넣어줍니다!!"", ""5. 미리 만들어놓은 다시마 멸치 육수를 부어서 끓여주세요."", ""6. 저는 라면을 살짝 데쳐서 넣었는데, 국물에 기름기가 적어져서 담백하고 매콤하게 먹을수있어 좋터라구요...(이건 취향껏이니..그냥 넣어주셔도 상관없어요) 이제 한번 부르르 끓어오르면 완성입니다.""]","["""", """", """", """", """", """"]"
6915971,참치김치찌개 백종원 황금레시피 꿀팁,참치김치찌개,2.0,찌개,20.0,초급,"{'김치': '3종이컵', '참치': '작은캔 1캔', '두부': '1/2모', '다진마늘': '1/2T', '청양고추': '1개', '양파': '1/2개', '대파': '1/2대', '참기름': '1T', '설탕': '1/2T', '고춧가루': '1T', '국간장': '1T', '물': '1000ml'}","[""1. 먼저 양파는 채썰고 대파,청양고추는 어슷 썰어주세요. 양파는 너무 많이 넣으면 단 맛이 나니 적당한 양만 썰어주세요."", ""2. 참치김치찌개 황금레시피 잘 익은 김치를 준비해주세요. 김치가 들어가는 찌개류를 만들 때는 역시 익은김치죠? 종이컵 3컵 분량의 김치를 준비해주세요. 도마 묻히기가 번거로워 집게로 잡고 잘게잘게 썰어줬어요."", ""3. 팬에 참기름을 1큰술정도 두르고 김치를 볶아주다가 감칠맛을 위한 설탕 1/2T정도 넣고 볶아주세요. 중불 설탕을 넣은 후에는 쉽게 탈 수 있으니 빠르게 중불로 볶아주세요."", ""4. 여기에 썰어둔 양파를 넣고 볶아주세요. 양파를 너무 많이 넣으면 국물이 달아지니 적당량만 넣어주는게 좋아요."", ""5. 양파가 투명해지면 이제 재료들이 잠길정도로 물을 넣고 푸욱 끓여줄건데요, 물은 냄비에 재료들이 잠길정도로 넉넉히 넣고 간은 간단하게 고춧가루 1큰술 국간장 1큰술을 넣고 끓여주세요."", ""6. 재료들이 익어가면서 간을 봤을 때 적당히 짭조름하다 싶을 때 쯤 참치를 넣어주세요. 참치를 넣을때 TIP은 기름까지 전부 넣어줘야 백종원 참치김치찌개 맛이 좋답니다."", ""7. 여기에 칼칼함을 위해 썰어둔 청양고추 1개와 다진마늘 1/2T정도를 넣어주세요. 다진마늘은 마지막단계쯤에 넣어주는게 좋아요."", ""8. 마무리로 썰어둔 두부와 대파까지 넣어준 후 두부가 익을정도로 강불로 화르르 5분간 끓여준 후 불을 꺼주세요. 부족한 간은 소금이나 국간장을 활용하되 국간장을 너무 많이 넣으면 국물 색이 까매져요.""]","["""", ""도마 묻히기가 번거로워 집게로 잡고 잘게잘게 썰어줬어요."", ""중불"", """", """", ""참치를 넣을때 TIP은 기름까지 전부 넣어줘야 백종원 참치김치찌개 맛이 좋답니다."", """", ""부족한 간은 소금이나 국간장을 활용하되 국간장을 너무 많이 넣으면 국물 색이 까매져요.""]"
3686217,대박 맛집 김치찌개,김치찌개,2.0,찌개,60.0,아무나,"{'김치': '1/2포기', '포도씨유': '1큰술', '깍두기국물': '1/3컵', '대파': '', '두부': '', '물(멸치육수)': '', '참치': '1캔', '설탕': '', '고춧가루': '', '다진': '마늘 1큰술', '멸치육수': '', '냄비': '', '도마': '', '조리용나이프': '', '요리스푼': '', '밀폐용기': ''}","[""1. 일단 지금알려드리는 방법은 식사전에 준비하시기 보다 시간적인 여유가 있으실때 미리 김치볶음을 만들어 두셨다가 사용하셔야 해요."", ""2. 냄비에 큼직하게 썰은 김치(대략 배추 1/2 포기)를 넣고 포도씨유 1큰술을 넣고 볶아주세요. 이때 김치 국물 혹은 저같은 경우는 깍두기 국물을 1/3컵 정도 넣어 주었어요. 김치국물이 들어가면 따로 간을 하지 않아도 되거든요. 또한 이때 설탕을 조금 넣어주시면 김치가 더욱 빨리 무르게 익어요. 또한 고춧가루를 넣어주면 색도 이뻐지고 윤도나지요."", ""3. 볶는 중간에 다진마늘 1큰술도 넣어주세요."", ""4. 김치가 타려는듯 하면 중불에서 물 혹은 멸치육수를 1컵 정도 부어준후 가끔씩 저어가며 뚜껑을 덮고 푹~~ 익혀줍니다."", ""5. 김치가 익으면 수분이 나오기도 하니 처음부터 너무 물이나 육수를 많이 붓지는 마셔요. 김치를 30분 정도 푹 익혀주면 밑준비 끝!!~"", ""6. 볶아둔 김치는 식힌후에 통에담아 냉장고에서 최소 반나절이상 숙성시켜 주세요. 국물이 자박하게 있으면 나중에 김치찌개 끓이실때 따로 간을 하지 않아도 되요."", ""7. 물 혹은 멸치육수를 냄비의 3/4 지점까지 부어준뒤 끓여주세요. 이떄 볶은김치의 양이 넉넉히 들어가야 더욱 맛있는건 아시죠? 물이나 육수가 부글부글 끓으면 김치찌개 완성! 김치찌개에는 돼지고기나 참치를 넣으면 더욱 맛이 좋지요? 돼지고기를 넣으실때는 물 넣으실떄 같이 넣어 주신후 돼지고기가 익으면 완성!~ 이번에는 돼지고기가 없어서 담백한 네모모양의 델큐브 참치를 사용했어요."", ""8. 두부와 대파도 조금 준비해 주셨다가 김치찌개가 보글보글 끓으면 두부와 대파를 살짝 얹으시고 불을 끄신후 식탁으로~""]","["""", """", """", """", """", """", """", """"]"
6860935,돼지김치비지찌개.,돼지김치비지찌개,3.0,찌개,30.0,아무나,"{'돼지고기': '찌개용 150g', '김치': '1.5컵', '비지': '1컵', '육수': '3컵', '대파': '1/2대', '다진마늘': '1/2큰술', '들기름': '1큰술', '새우젓': '또는 액젓 약간'}","[""1. 얼마전 집뒤에 두부집갔다가 비지한덩이 가져왔어요. 콩불려서 걸쭉하게 갈아서 끓여먹는 비지찌개가 제~일 굿이지만... ㅎㅎㅎ 이렇게 간단하게 비지찌개 좋잖아요~^^"", ""2. 돼지김치비지찌개니까 돼지고기와 아직남은 김치. 작년 김장김친데도 아직 맛있어요~ ㅎㅎㅎ"", ""3. 돼지고기 150그람에 다진마늘1/2큰술. 그리고 들기름 1큰술 넣고 볶아줍니다. 들들들들~"", ""4. 먹기좋게 자른 김치 한컵 반 넣고 같이 볶아볶아~~"", ""5. 멸치다시육수3컵 넣어줍니다."", ""6. 비지한컵 퐁당~"", ""7. 비지찌개는 끓이면서도 비지가 불어요. 그럼 넘 넘 퍽퍽한 비지찌개가 되지요. 조금 육수가 많다 싶은가?하게 양을 넣으시면 좋아요. 끓이면서 넘 퍽퍽하다싶으면 뜨거운 육수나 물을 보충하세요."", ""8. 대파반대 어슷썰어 넣어주고"", ""9. 새우젓이나 액젓으로 마지막에 간을 맞춰주세요. 전...요즘 초피액젓을 마구 사용..ㅋㅋㅋ"", ""10. 뭉근하게 폭폭 끓여주면 되지요~""]","["""", """", """", """", """", """", """", """", """", """"]"
6856288,시원한 국물이 딱 좋은 동태찌개,동태찌개,2.0,찌개,30.0,아무나,"{'동태': '1마리', '무': '1/3개', '양파': '1/2개', '대파': '취향껏 2줄', '고추장': '1스푼', '된장': '1스푼', '다진마늘': '1스푼', '고추가루': '2스푼', '소금': '', '멸치육수': ''}","[""1. 멸치한줌,양파1/2개,대파를 넣고 물을 넉넉하게 넣어 육수를 만들어준다."", ""2. 살짝 해동시켜준 동태를 손질 및 세척한다. 지느러미를 가위로 잘라주고 동그라미 부분에 내장을 손으로 밀어내면 쉽게 제거 가능하다. 동태 손질법 레시피"", ""3. 손질된 동태를 흐르는물에 헹궈내주고 대기."", ""4. 고추장과 된장,다진마늘과 고추가루를 넣고 끓고있는 육수를 두어스푼 넣어 잘 섞어주면 양념도 끝."", ""5. 대략 30분정도 끓여준 육수에 건더기들을 다 건져내고 나박하게 썰어놓은 무를 넣어주고 만들어둔 양념을 반만 넣어 10분정도 더 팔팔 끓여준다."", ""6. 그리고 동태를 모두 넣어주고 나머지 양념도 모두 넣어준다."", ""7. 대파를 취향껏 넣어 소금으로 간하고 또 5분정도 끓여주면 끝.""]","["""", """", """", """", """", """", """"]"
4276036,"동태찌개, 얼큰한 동태 한마리~",,,찌개,,초급,{},[],[]
4486124,칼칼하고 시원한 동태찌개 끓이는 방법,동태찌개,2.0,찌개,60.0,중급,"{'동태': '1마리', '호박': '', '두부': '', '대파': '', '홍고추': '', '청고추': '', '버섯': '', '미나리': '', '쑥갓': '', '고춧가루': '3큰술', '국간장': '1큰술', '맛술': '1큰술', '소금': '약간', '후춧가루': '약간', '다진마늘': '1작은술', '생강소스': '1큰술', '된장': '2/3큰술', '고추장': '1+1/3큰술'}","[""1. 깨끗히 씻어내 손질을 마친 동태 머리와 다시마, 건새우, 건멸치, 그리고 시원함을 더해줄 무에 물을 붓고 중불에서 20여분 끓여줍니다."", ""2. 동태는 손질해 둡니다. 동태 손질법 레시피"", ""3. 호박, 두부, 대파, 홍고추와 청고추, 버섯, 그리고 미나리와 쑥갓 미리 미리 손질해서 송송 썰어 준비해두세요."", ""4. 분량의 양념을 섞어 다대기양념을 만들어 둡니다."", ""5. 육수재료가 모두 끓고나면 동태머리와 무만 남겨두고 나머지 재료들은 건져낸 후 다대기 양념 1/2를 넣고 한소끔 끓여주세요."", ""6. 한소끔 끓고나면 남아있던 동태와 호박, 두부, 그리고 홍고추와 청고추를 넣고 다시 한소끔 끓여줍니다. 동태는 한소끔 끓고나면 넣어주셔서 살이 부숴지지 않아요."", ""7. 동태가 완전히 익고나면 버섯과 대파, 미나리 등 남은 채소들을 넣어 끓여주세요."", ""8. 한소끔 끓인 동태찌개의 간을 보고 좀 더 칼칼하고 시원한 맛을 원하신다면 남아있던 다대기 양념을 넣어 간을 합니다."", ""9. 완성된 동태찌개 입니다.""]","["""", ""동태 손질법 레시피"", """", """", """", """", """", """", """"]"
6878016,꽁치 김치찌개 - 간단 찌개 요리,꽁치김치찌개,2.0,찌개,15.0,아무나,"{'꽁치통조림': '400g 1캔', '김치': '1/4포기', '대파': '1줌', '청양고추': '2개', '참기름': '1큰술', '설탕': '0.5큰술', '된장': '0.5큰술', '다진': '마늘 1큰술', '고춧가루': '2큰술'}","[""1. 초간단 김치찌개 맛있고 간단하게 만들 수 있는 꽁치 김치찌개 만들기 ♬♪"", ""2. 김치는 한 입 크기로 쫑쫑 썰어서"", ""3. 참기름 1큰술 넣고"", ""4. 김치 숨이 죽을 만큼 볶아줍니다."", ""5. 김치 숨이 죽으면 꽁치통조림 국물까지 전부 넣어 줍니다."", ""6. 꽁치 통조림에 물 가득 담아서"", ""7. 넣어줍니다"", ""8. 설탕 0.5큰술, 된장 0.5큰술, 다진마늘 1큰술, 고춧가루 2큰술 넣어 간을 맞춰주고 - 싱거우면 국간장으로 간해주세요 :)"", ""9. 기호에 따라 청양고추와 대파 1줌 넣어 팔팔 끓여주면 완성"", ""10. 꽁치통조림으로 간단하고 맛있게 끓이는 간단 찌개 꽁치 김치찌개""]","["""", """", """", """", """", """", """", ""- 싱거우면 국간장으로 간해주세요 :)"", """", """"]"
6906659,대충 끓여도 맛있는 참치김치찌개 끓이는방법(김진옥요리가좋다),참치김치찌개,4.0,찌개,15.0,아무나,"{'배추김치': '1/4포기', '참치캔': '1캔', '김칫국물': '100ml', '양파': '1/4개', '대파': '1개', '계란': '3개', '물': '1000ml', '국간장': '1T', '고춧가루': '1T', '소금': '1/4T'}","[""1. 1. 양파1/4개는 채썰고 대파1개는 어슷 썰어줍니다."", ""2. 2. 배추김치1/4포기는 먹기 좋게 썰어줍니다."", ""3. 3. 썰은 김치를 냄비에 넣고 참치캔의 기름만 김치에 넣어줍니다."", ""4. 4. 위 3번에 참치기름 넣은 김치를 중불에서 1분정도 볶다가"", ""5. 5. 물1000ml와 김칫국물100ml를 넣어준후~ 센불에서 끓으면 중약불로 줄여 뚜껑덮고 5분정도 끓여줍니다."", ""6. 6. 5분후 참치캔을 넣고요~~"", ""7. 7. 한번더 바글 끓어 오르면 달걀3개를 넣어주는데요~ 깨트리지 말고..통째로 넣어줍니다. 이 상태로 중불에서 바글바글 3~4분 끓여줍니다."", ""8. 8. 3~4분 끓인후 양파를 넣고요.. 국간장1T. 고춧가루1T를 넣은후... 한번 끓으면 간을 보셔서요..싱거우면 소금간 하세요~~ 저는 소금1/4T 넣었습니다."", ""9. 9. 마지막에 대파 썰은거 넣고 한번만 끓여주면 완성입니다.""]","["""", """", """", """", """", """", """", ""저는 소금1/4T 넣었습니다."", """"]"
6906485,남편이 엄지손가락 척~~ 부대찌개 맛있게 끓이는 방법(김진옥요리가좋다,부대찌개,3.0,찌개,15.0,아무나,"{'스팸': '200g', '소시지': '3개', '대파': '1개', '콩나물': '1줌', '잘익은': '배추김치 1줌', '청양고추': '3개', '떡국용': '떡 1줌', '다진돼지고기': '1줌', '다진마늘': '1T', '국간장': '2T', '후춧가루': '약간', '미림': '1T', '부대찌개용': '콩 4T', '멸치다시마육수': '1100ml', '고춧가루': '3T', '소금': '1/4T'}","[""1. 1. 콩나물은 1줌 씻어서 준비합니다. 잘익은 배추김치 한줌과 멸치다시마육수 1100ml는 미리 준비해줍니다. 떡국용 떡도 한줌정도 준비합니다~"", ""2. 2. 소시지와 스팸은 뜨거운 물을 부어 샤워시켜 준비합니다."", ""3. 3. 위 2번에서 뜨거운물에 샤워시킨 소시지와 스팸을... 스팸은 나박하게 썰고요..소시지는 어슷 썰어줍니다. 4. 대파1개는 큼직하게 썰어주시고요~ 청양고추3개는 어슷 썰어줍니다."", ""4. 5. 양념장 만들기 : 그릇에 고춧가루 3T. 다진마늘1T. 미림1T. 국간장2T. 후춧가루소량. 소금1/4T를 넣고 골고루 섞어 찌개 양념장을 만들어줍니다."", ""5. 6. 돼지고기 갈은거 한줌을 그릇에 담고 다진마늘1/3T. 국간장1/2T. 후춧가루소량. 미림1/2T를 넣고 밑간을 해줍니다."", ""6. 7. 시중에 부대찌개용 콩 판매합니다. 4T 듬쁙퍼서 준비합니다. 남은 통조림은 다른 용기에 담아 냉동보관하세요~"", ""7. 8. 모든 재료준비되면... 전골냄비에 먹기 좋게 세팅합니다. 소시지,스팸,대파,청양고추,떡국용떡,김치,돼지고기 갈은거.부대찌개용 콩. 양념장. 콩나물을 먹기 좋게 세팅하세요~ (동영상참고하세요~)"", ""8. 9. 위 8번에서 세팅한 전골냄비에 멸치다시마육수1100ml를 부어준후... 끓이면서 드시면 됩니다. 처음에는 싱거운듯하지만요...끓이다보면 제맛이 난답니다. 라면사리 또는 치즈를 넣어 드셔도 좋습니다.""]","["""", """", """", """", """", ""남은 통조림은 다른 용기에 담아 냉동보관하세요~"", """", """"]"
6833228,맑은순두부찌개,순두부찌개,2.0,찌개,30.0,아무나,"{'순두부': '', '양파': '', '애호박': '', '버섯': '', '새우': '', '멸치다시육수': '', '국간장': '', '소금': '', '다진마늘': ''}","[""1. 분량의 재료를 준비해주세요~"", ""2. 야채들은 채를썰어주시고, 새우는 깨끗하게 씻어서 준비해주세요"", ""3. 멸치다시육수를 내주세요"", ""4. 멸치다시육수에 야채를넣고 끓이다가~"", ""5. 순두부한팩을 넣어주세요 순두부를 넣고나면 최대한 저어주지않는게 순두부의 형태를 살리는방법이에요"", ""6. 소금,국간장,다진마늘등으로 간을한뒤 바글바글 끓여준뒤 불을 꺼주시면 된답니다^^""]","["""", """", """", """", """", """"]"
6882386,우렁된장찌개 달착지근하고 감칠맛나는 우렁 맛있게 끓이는 법!,우렁된장찌개,4.0,찌개,30.0,중급,"{'우렁': '1/2종이컵', '두부': '1/4모', '멸치': '10마리', '양파': '1/4개', '불린': '표고버섯 2개', '애호박': '1/4개', '청양고추': '2개', '물': '3~4종이컵', '된장': '3T', '고춧가루': '1T', '송송': '썬 대파 2T'}","[""1. 우선 말린표고버섯은 물에 불려 채 썰어주세요. 없을땐 표고버섯을 사용해도 좋아요 :)"", ""2. 두부와 양파, 애호박은 먹기 좋은 크기로 네모지게 썰고, 멸치는 내장을 떼어내고 청양고추와 홍고추는 어슷하게 썰어주세요."", ""3. 뚝빼기에 멸치와 양파, 청양고추, 표고버섯을 넣고 한소끔 끓여요."", ""4. 여기에 우렁을 넣고 맛이 우러나도록 끓이면서 된장을 넣고 덩어리 없이 풀어 넣어주세요."", ""5. 호박을 넣은 뒤 끓어오르면 거품을 걷어냅니다."", ""6. 양파가 익으면 두부, 고춧가루와 함께 홍고추를 어슷하게 썰어 넣고 끓이다가 대파를 넣어주세요"", ""7. 보글보글!! 우렁된장찌개 완성~!! :)"", ""8. 아아, 살에서 달착지근한 감칠맛이 나는 우렁은 된장찌개로 끓여 내면 참 구수해져요. 우렁에서 우러나는 향기가 국물을 개운하고 시원하게 만들어 준답니다 :) 이웃님들도 시간날때 한번 만들어 드셔보셔요 정말 맛있어용 :) '_'b 그럼 전 다시 돌아올께요- 씨유쑨!!""]","["""", """", """", """", """", """", """", """"]"
6837911,된장찌개 황금레시피 :-),된장찌개,2.0,찌개,30.0,초급,"{'멸치육수': '500ml', '감자': '작은것 2알', '애호박': '1/2토막', '양파': '1/2토막', '두부': '1/2모', '홍고추': '2개', '대파': '1뿌리', '된장': '1.5스푼', '고춧가루': '1/2스푼', '다진마늘': '1/2스푼', '꿀': '1티스푼'}","[""1. 들어갈 채소를 먹기좋게 잘라놓는다."", ""2. 두부도 감자와 비슷한 크기로 썰어두고"", ""3. 뚝배기에 준비한 육수를 넣고 감자만 넣어 보글보글 끓여준다."", ""4. 감자를 넣은 육수가 팔팔 끓으면 호박과 양파 , 홍고추를 넣고 다시 끓여준다."", ""5. 채소를 넣은 육수가 다시 팔팔 끓었을 때 , 썰어둔 두부를 넣고 다시 끓이기 -"", ""6. 두부를 넣고 다시 끓어오르면 된장을 풀어넣는다. 집마다 된장의 염도가 다르니 입맛에 따라 양 조절 필수 :-)"", ""7. 된장을 풀어넣고 된장찌개가 끓어오르면 불을 끄고"", ""8. 꿀 1티스푼과"", ""9. 다진마늘 1/2스푼 , 고춧가루 1/2스푼 , 파를 넣고 섞어준다."", ""10. 생생정보통 황금레시피로 끓여본 된장찌개 완성 ! 뚝배기에 끓여서 불을 꺼도 한동안 보글보글 먹음직스럽다.""]","["""", """", """", """", """", """", """", """", """", """"]"
4310131,"얼큰한 순두부찌개, 바지락 순두부찌개 끓이는법",,,찌개,,초급,{},[],[]
5084721,감자 고추장찌개,감자고추장찌개,2.0,찌개,60.0,초급,"{'감자': '300g', '쇠고기': '100g', '양파': '1개', '애호박': '1/2개', '대파': '1/2개', '홍고추': '1개', '고추장': '3T', '된장': '1T', '물': '3컵', '국간장': '1T', '진간장': '1T', '참기름': '2/3T', '백포도주': '1T', '후춧가루': '1t', '다진마늘': '1t', '다진파': '1t'}","[""1. 먼저 쇠고기에 국간장 1T, 진간장 1T, 참기름 2/3T , 백포도주 1T, 후춧가루 1t, 다진마늘 1t, 다진파 1t를 넣어 밑간을 합니다"", ""2. 칼칼한 맛은 집고추장 3큰술에, 된장 1큰술이면 간이 딱 맞아요."", ""3. 감자, 호박, 양파 모두 도톰도톰 썰어 주세요., 대파와 홍고추는 어슷써시고요. 오늘은 감자가 주인공이니만큼 감자는 약간 도톰하게 썰어야 제맛이에요."", ""4. 냄비에 밑양념을 미리 해둔 쇠고기를 넣고 볶습니다.(기름을 두르지 않아도 됨)"", ""5. 이어서 감자를 넣고 살짝 저어가면서 볶아 주세요."", ""6. 물을 붓고 고추장을 풀어 5분간 끓이다가 양파와 애호박을 넣어 줍니다."", ""7. 모든 재료가 다 익으면 대파와 홍고추를 넣고 마무리해주세요.""]","["""", """", """", """", """", """", """"]"
3441970,아주 맛있는 김치찌개 끓이기,김치찌개,2.0,찌개,15.0,초급,"{'익은': '배추김치 1/4포기', '돼지고기': '찌개용(앞다리살) 300g', '두부': '1/2모', '양파': '1/4개', '김치국물': '1/2컵', '대파': '2/3개', '물': '8컵', '국물용멸치': '25마리', '다시마': '3조각', '대파뿌리': '생략가능 2개', '고추씨': '1T', '고추가루': '2T', '다진마늘': '1/2T', '맛술': '1T', '후추가루': '소량', '국간장': '1T', '소금': '소량'}","[""1. 냄비에 물 8컵을 넣고 국물용멸치 25마리, 다시마 3조각, 대파뿌리 2개, 고추씨 1T를 넣고 센불에서 끓으면 중불로 줄여 10분동안 끓인후 고운체에 걸러 육수 5컵반을 준비합니다."", ""2. 돼지고기 앞다리살과 익은 배추김치와 김치국물 1/2컵, 두부 1/2모, 대파와 양파는 채썰어 준비해주세요."", ""3. 냄비에 돼지고기와 김치를 넣고 김치국물 1/2컵, 다진마늘 1/2T.고추가루 2T, 맛술 1T, 준비한 육수 5컵반을 넣어주세요. 뚜껑을 덮고 센불에서 끓으면 중약불로 줄여 10분동안 끓여주다가 약불로 줄여 10분 더 끓여줍니다. 여기에 두부 ,양파, 국간장 1T, 소금소량(완두콩알만큼)을 넣고 중불로 켜고 2분정도 더 끓이다가 대파를 넣고 한번만 더 끓이면 완성입니다.""]","["""", """", """"]"
6859777,돼지고기 김치찌개 :: 김치찌개 맛있게 끓이는법,돼지고기김치찌개,3.0,찌개,30.0,아무나,"{'김치': '국물 5T', '파': '1대', '돼지고기': '1/2근', '고춧가루': '2T', '간장': '2T', '미림': '1T', '마늘': '2T', '설탕': '1T', '생강가루': '0.5t', '참기름': '1T', '물': '800ml'}","[""1. 팬에 참기름 1T 넣고 김치를 볶아주세요. 약불에서 볶아주셔야 눌어붙지 않아요."", ""2. 김치찌개 양념을 해주세요. 간장 2T, 설탕 1T, 고춧가루 2T, 마늘 2T, 미림 1T, 생강가루 0.5t 넣어 한번 볶아주세요."", ""3. 돼지고기 반근 넣어 함께 볶아주세요. 전 기름기 섞여있는 삼겹살 부위 사용했어요!"", ""4. 물 800ml 넣고 뚜껑 덮고 보글보글 끓여주시기만 하면 됩니다. 왜 김치찌개는 오래 끓일수록 맛있잖아요. 전 물 반 이상 졸았을 때 300ml 넣어 한 번 더 끓여주었어요."", ""5. 이렇게 푹 끓여주다 파 송송 썰어 넣기만 하면 돼지고기김치찌개 완성이에요. 그동안 제일 기본적인 된장, 김치찌개 맛있게 끓이기 쉽지 않았는데! 요 레시피 김치찌개맛있게끓이는법 추천이에요-!!""]","["""", """", """", """", """"]"
6919359,참치김치찌개 맛있게 끓이는법 바로 이거죠!,참치김치찌개,3.0,찌개,20.0,초급,"{'묵은지': '1공기', '참치': '150g 1캔', '물': '1공기', '김치국물': '1국자', '대파': '1줌', '올리브유': '1큰술'}","[""1. 김치는 송송 썰어서 냄비에 넣어주시고 올리브유 1큰술을 넣고 볶아주세요~"", ""2. 김치를 2분정도 볶아주고 참치도 1캔 넣어주시는데요 참치는 기름을 빼지 않고 기름과 함께 넣어서 볶아주세요 참치김치찌개 맛있게 끓이는법의 비법중 비법이라고도 할 수 있는데요 별다른 양념없이도 이 참치 하나만으로도 맛을 낼 수 있다는 사실~"", ""3. 참치와 같이 1~2분정도 더 볶아주다가 물을 1공기 넣어주시고요"", ""4. 김치국물도 1국자 정도 같이 넣고 바글바글 끓여주세요~ 사진으로는 1국자 좀 안되게 보이는데 요거 넣고 조금 더 넣어주었답니다 집에 있는 김치맛에 따라 김치국물은 가감해주셔도 좋아요"", ""5. 김치국물까지 넣은다음 바글바글 한번 끓여주시고 송송 썰어둔 대파를 1줌 정도 넣어주시고 한소끔 더 팔팔 끓여 마무리 해주시면 참치김치찌개 맛잇게 끓이는법 완성이지요 :)"", ""6. 별다른 양념을 넣어주지 않고도 김치와 참치만으로도 충분히 맛을 낼수 있는 참치김치찌개!! 깊은 국물맛에 아이들도 홀딱 반해서 더 자주 해먹고 있는데요 여기에 청양고추도 송송 썰어서 넣어주시면 좀 더 얼~큰 하게 드실 수 있겠죠^^""]","["""", """", """", """", """", """"]"
6872317,여기 밥 한공기 추가요~ 감자짜글이,감자짜글이,4.0,찌개,30.0,중급,"{'감자': '3개', '양파': '1개', '청양고추': '3개', '대파': '2대', '큰': '스팸 1캔', '물': '2컵', '된장': '1/3T', '고추장': '1T', '고춧가루': '2T', '설탕': '1T', '간장': '4T', '다진': '마늘 1T'}","[""1. 감자는 두껍게 채 썰어 준비한다. 감자 3개"", ""2. 양파는 채 썰어 준비하고 청양고추, 대파는 송송 썰어 준비한다. 양파 1개, 청양고추 3개, 대파 2대"", ""3. 볼에 양념재료를 넣고 양념장을 만든다. [양념 재료] 된장 1/3T, 고추장 1T, 고춧가루 2T, 설탕 1T, 간장 4T, 다진 마늘 1T 볼"", ""4. 위생 비닐에 스팸을 넣고 손으로 으깬다. 큰 스팸 1캔 위생비닐"", ""5. 냄비에 채 썬 감자, 양파를 넣고 으깬 스팸과 양념장을 넣는다. 냄비"", ""6. 청양고추와 대파, 물을 넣고 끓여 완성한다. 물 2cup""]","[""감자 3개"", ""양파 1개, 청양고추 3개, 대파 2대"", ""[양념 재료] 된장 1/3T, 고추장 1T, 고춧가루 2T, 설탕 1T, 간장 4T, 다진 마늘 1T"", ""큰 스팸 1캔"", ""냄비"", ""물 2cup""]"
6881607,백종원 참치김치찌개 포인트 하나면 끝,참치김치찌개,2.0,찌개,15.0,초급,"{'참치': '1캔', '홍고추': '1개', '김치': '2컵', '대파': '1/2대', '쌀뜨물': '4컵', '설탕': '1/2큰술', '들기름': '1큰술', '다진마늘': '1/2큰술', '참치기름': '1캔', '고춧가루': '1큰술'}","[""1. 김치는 잘게잘게 썰어주는데요, 볼에 넣고 가위로 썰어주는게 백종원 포인트랍니다. 썰어준 김치에 설탕 1/2큰술을 넣고 5분간 재워 신맛을 제거해주세요. 도마에 김치가 물들면 씻기 힘드니 가위로 잘게 썰어주세요."", ""2. 대파와 홍고추는 송송 썰어주고 백종원레시피에는 양파가 들어가기때문에 양파가 있으시다면 채썰어주세요."", ""3. 들기름 1큰술을 두른 팬에 5분간 설탕에 버무려준 김치를 넣고 볶아주세요. 양파가 있다면 이때 볶아주세요"", ""4. 김치가 흐물흐물해지면 준비한 쌀뜨물을 넣어주세요. 저는 4컵정도 넣어줬어요."", ""5. 백종원 참치김치찌개의 팁 참치 기름을 넣어주세요. 참치 기름은 버리지말고 이렇게 육수에 활용하면 훨씬 깊은 맛이 난답니다."", ""6. 다진마늘 1/2큰술과 고춧가루 1큰술로 간해주세요. 국물이 싱겁다면 소금을 넣어주면 되지만 김치와 참치가 짜기 때문에 저는 넣어주지 않아도 간이 딱 맞았어요."", ""7. 간을 마친 후 참치를 넣어주세요. 강불에 5분간 끓여주세요. 참치를 넣은 후 휘젓지 말아주세요. 참치가 가루가되요."", ""8. 5분 후 마무리로 썰어둔 대파와 고추를 넣은 후 불을 꺼주세요.""]","[""도마에 김치가 물들면 씻기 힘드니가위로 잘게 썰어주세요."", """", """", """", """", ""국물이 싱겁다면 소금을 넣어주면 되지만김치와 참치가 짜기 때문에저는 넣어주지 않아도 간이 딱 맞았어요."", ""참치를 넣은 후 휘젓지 말아주세요. 참치가 가루가되요."", """"]"
6856340,짜글짜글 소리가 맛깔나는구나! 짜글이참치찌개,참치짜글이,4.0,찌개,30.0,아무나,"{'참치': '150g 1캔', '김치': '300g 2컵', '물': '600ml 3컵', '다시마': '10x10cm 1장', '양파': '1/2개', '두부': '150g 1/2모', '스팸': '100g 1/2캔', '대파': '10cm', '청고추': '1개', '홍고추': '1개', '고춧가루': '1T', '설탕': '2/3T', '고추장': '1/2T', '국간장': '1/2T', '맛술': '1T', '다진마늘': '1T'}","[""1. 중간 불로 달군 냄비에 참치 기름을 두르고 한입 크기로 썬 김치와 고춧가루, 설탕, 고추장을 넣고 1~2분간 볶는다. 참치 1캔(150g), 김치 2C(300g), 고춧가루 1T, 설탕 2/3T, 고추장 1/2T 냄비 중간불"", ""2. 물을 붓고 다시마를 넣고 5분 정도 끓인다. 물 3C(600ml), 다시마(10x10cm),"", ""3. 다시마를 건져낸 뒤 양파와 참치, 맛술, 국간장, 다진 마늘을 넣고 3분간 더 끓인다. 양파 1/2개, 맛술 1T, 국간장 1/2T, 다진마늘 1T"", ""4. 두부와 스팸, 대파, 고추를 올려 2분간 더 끓여 마무리. 두부 1/2모(150g), 스팸 1/2캔(100g), 대파 10cm, 청고추 1개, 홍고추 1개""]","[""참치 1캔(150g), 김치 2C(300g), 고춧가루 1T, 설탕 2/3T, 고추장 1/2T"", ""물 3C(600ml), 다시마(10x10cm),"", ""양파 1/2개, 맛술 1T, 국간장 1/2T, 다진마늘 1T"", ""두부 1/2모(150g), 스팸 1/2캔(100g), 대파 10cm, 청고추 1개, 홍고추 1개""]"
6864674,참치김치찌개 황금레시피 맛있게 끓여먹어요~,참치김치찌개,2.0,찌개,10.0,아무나,"{'신김치': '1국그릇', '대파': '1뿌리', '참치': '1캔', '식용유': '3스푼', '고추가루': '1스푼', '김치국물': '3스푼', '물': '400ml', '대나무트레이': '', '면기': '', '수저세트': '', '수저받침': '', '편수냄비': '', '믹싱볼': '', '요리스푼': ''}","[""1. 신김치 국그릇 가득, 대파 1뿌리, 참치 1캔, 식용유 3스푼, 고추가루 1스푼, 김치국물 3스푼, 물 400ml"", ""2. 김치 국그릇 가득 담은 걸 냄비에 옮겨주세요 혹시 신김치가 없으신 분들은 김치 위에 식초를 한 스푼 뿌려 10분 정도 놓아주세요"", ""3. 식용유 3스푼을 김치위에 돌돌 돌려 뿌려주신 다음 약-중 중간 불에서 달달 볶아주세요 볶아주다 보면 김치가 이쁜 주황빛으로 변하는 걸 보실 수 있을 거에요"", ""4. 다음 참치 1캔을 함께 넣어 달달 볶아주세요 이 때 참치캔 기름은 버리지마시고 함께 넣어주세요"", ""5. 물 400ml를 넣어 끓여주세요"", ""6. 다음 김치국물 3스푼 넣고 팔팔 끓여줍니다"", ""7. 계속 끓이다가 대파 한뿌리 송송 썰어주신 걸 넣어주세요~ 다진 마늘 좋아하시면 다진마늘 티스푼으로 1스푼 넣어주셔도 좋아요"", ""8. 마지막으로 김치찌개 색감을 더 이쁘게, 그리고 얼큰하게 해주기위해 고추가루 1스푼을 넣어준 다음 끓여주시면 끝~"", ""9. 설 기간동안 기름기 많은 음식들로 느끼했던 속이 얼큰하니 정말 맛있게도 먹었네요~ 저랑 신랑은 얼큰한 국물먹다가 맛있어서 라면 사리 하나 넣어서 다시 끓여먹었답니다 국물의 양도 많아서 라면 사리 넣어 먹어도 굿♡"", ""10. 만드는 법은 정말 간단하지만 맛이 일품이라고 신랑에게 칭찬받은 참치김치찌개 레시피 다른 반찬 없이 요기에 밥 두공기씩 클리어 했답니다~+_+♡""]","["""", ""혹시 신김치가 없으신 분들은 김치 위에 식초를 한 스푼 뿌려 10분 정도 놓아주세요"", ""볶아주다 보면 김치가 이쁜 주황빛으로 변하는 걸 보실 수 있을 거에요"", """", """", """", """", """", ""국물의 양도 많아서 라면 사리 넣어 먹어도 굿♡"", ""요기에 밥 두공기씩 클리어 했답니다~+_+♡""]"
6909693,돼지고기 김치찌개 너무 쉽지만 맛있는 맛,돼지고기김치찌개,3.0,찌개,30.0,초급,"{'돼지고기': '앞다리살 찌개용 1밥그릇', '김치': '1줌', '대파': '조금', '소금': '1T', '고추장': '1스푼', '다진마늘': '1T', '고추가루': '1T', '맛술': '1T', '후추': '톡톡'}","[""1. 앞다리살 맛술1T넣고 후추톡톡 넣고 10분정도 재워두세요"", ""2. 김치는 먹을만큼 크기로 잘라 주세요"", ""3. 김치와 재워둔 돼지고기넣고 식용유를 두른후 달달 볶아 주세요 고기가 익을때까지 볶아주세요"", ""4. 어는정도김치와 돼지고기가 익으면 불을 끄고 고추장한스푼 넣어 주세요"", ""5. 다진마늘 고추가루 넣고 골고루 섞어 주세요"", ""6. 머그컵 두컵을 넣고 15분정도 센불에 끓여주세요"", ""7. 15분 끓인후 간을보시고 소금간을 한후 대파를 넣어주면 끝입니다"", ""8. 돼지고기 김치찌개 깔끔한 맛 너무 맛있어요 https://seunmi1981.tistory.com(요리정보)""]","["""", """", """", """", """", """", """", """"]"
5803328,보글보글 뚝배기 참치김치찌개 / 쉬운 김치찌개,,,찌개,,,{},[],[]
6859038,웬만하면 성공하는 부대찌개 황금레시피.맛나다.^^,부대찌개,4.0,찌개,30.0,아무나,"{'파': '약간', '두부': '1/2모', '스팸': '큰거 1/2캔', '국거리': '돼지고기 200g', '소세지': '2개', '버섯': '약간', '다진마늘': '1스푼', '고추장': '2스푼', '간장': '2스푼', '올리고당': '1스푼', '맛술': '1스푼', '고추가루': '3스푼'}","[""1. 부대찌개에 들어갈 재료들을 잘 다듬어줍니다."", ""2. 부대찌게는 육수가 중요해요. 저는 사골육수가 있어서 사골로 했는데 시판되는 사골육수를 이용하시거나 멸치나 다시마 우려서 사용하셔도 되요."", ""3. 양념장을 만들어 봅니다. 다진마늘 1T, 고추장 2T, 고추가루 3T 간장 2T, 올리고당 1T,맛술 1T 를 잘 섞어줍니다."", ""4. 손질한 재료들을 냄비에 잘 담아두시고"", ""5. 육수붓고 양념장을 투하합니다. ㅋ~"", ""6. 보글보글 끓는 부대찌개에 라면하나 투하"", ""7. 이렇게 하면 부대찌게 완성!! 집에서 만들어서 재료의 푸짐함이 돋보인답니다. ^^""]","["""", """", """", """", """", """", """"]"
6866405,술한잔 한 다음날! 얼큰한 해장의 끝판왕! 콩나물찌개,콩나물찌개,4.0,찌개,30.0,아무나,"{'콩나물': '350g', '돼지고기': '다짐육 1컵', '버섯': '100g', '양파': '1개', '청양고추': '2개', '대파': '10cm 2개', '물': '3컵', '고춧가루': '4T', '다진': '마늘 1T', '간장': '1/3컵', '새우젓': '1T', '후추': '약간', '국간장': '2T'}","[""1. 버섯은 한입크기로 썰고 양파는 채 썰고 청양고추와 대파는 송송 썰어 준비한다. 버섯 100g, 양파 1개, 청양고추 2개, 대파 10cm 2개"", ""2. 냄비에 기름을 넉넉히 두르고 대파를 넣어 파기름을 낸다. 냄비"", ""3. 파향이 올라오면 돼지고기, 다진 마늘, 후추를 넣어 볶는다. 돼지고기 다짐육 1cup, 다진 마늘 1T, 후추 약간"", ""4. 돼지고기가 익으면 고춧가루를 넣고 볶는다. 고춧가루 4T"", ""5. 재료가 볶아지면 콩나물과 물을 넣는다. 콩나물 350g, 물 3cup"", ""6. 양파, 버섯을 넣어 한소끔 끓인다."", ""7. 간장, 새우젓으로 간을 해 한소끔 끓여 완성한다. 간장 1/3cup, 새우젓 1T 부족한 간은 국간장으로 추가한다.""]","[""버섯 100g, 양파 1개, 청양고추 2개, 대파 10cm 2개"", ""냄비"", ""돼지고기 다짐육 1cup, 다진 마늘 1T, 후추 약간"", ""고춧가루 4T"", ""콩나물 350g, 물 3cup"", """", ""간장 1/3cup, 새우젓 1T""]"
6841619,스팸김치찌개,스팸김치찌개,2.0,찌개,30.0,초급,"{'김치': '적당량', '스팸': '115g', '대파': '약간', '참기름': '또는 들기름 1스푼', '설탕': '1/2스푼', '고춧가루': '1스푼', '다진마늘': '1스푼', '도마': '', '조리용나이프': '', '냄비': '', '요리스푼': ''}","[""1. 먼저 김치는 먹기좋게 쫑쫑 썰어 냄비에 참기름 1스푼을 넣고 달달 볶아주세요. 도마 , 조리용나이프 , 냄비 , 요리스푼"", ""2. 신김치에는 설탕을 넣어주면 덜 시다는데 저는 신김치가 아닌데도 감칠맛을 위해 설탕 반스푼을 넣어줬어요."", ""3. 그리고 김치가 적당히 볶아지면 물을 넣고 끓여주세요. 육수나 쌀뜬물을 사용해도 좋고, 저처럼 그냥 물을 넣어도 상관없어요!"", ""4. 햄은 추석때 받았던 스팸 비슷한 우리팜댈리 넣어줬어요. 스팸보단 덜 짜서 좋더라구요~!"", ""5. 햄은 칼로 네모모양으로 예쁘게 잘라 넣어도 좋지만 저는 그냥 숟가락으로 떠서 넣어줬어요. 예전부터 엄마가 김치찌개하면 요렇게 숟가락으로 스팸을 떠서 넣어주셨는데 갑자기 그생각이 나더라구요."", ""6. 적당히 끓이다가 고춧가루 1스푼과 다진마늘 1스푼 넣어줬어요. 다진마늘 사진처럼 처음엔 반스푼만 넣었는데 뭔가 2% 부족한것 같아 반스푼 더 넣어줬더니 딱 좋더라구요!"", ""7. 마지막에 대파도 송송 썰어넣어 한번더 끓여주세요.""]","[""도마,조리용나이프,냄비,요리스푼"", """", """", """", """", """", """"]"
6897404,"명절, 제사 남은 전을 활용한 음식! 칼칼하고 시원한 국물이 일품! 전찌개 끓여봐요",전찌개,4.0,찌개,15.0,초급,"{'무': '나박썰기 한것 1줌', '양파': '1개', '모듬전': '취향껏', '쌀뜨물': '1그릇', '파': '1/2대', '국간장': '2T', '멸치액젓': '2T', '다진마늘': '1T', '고춧가루': '1T'}","[""1. 무는 나박썰기 해서 냄비 바닥에 넓게 펼쳐 주세요."", ""2. 양파는 먹기좋게 썰어낸 다음 무위에 깔아줍니다."", ""3. 마지막으로 명절,제사때 먹고 남은 전들을 위에 올려주세요. 전은 가짓수가 많을 수록 골라 먹는 재미가 있답니다. 전은 한입에 먹기 좋은 사이즈로 잘라 차곡차곡 예쁘게 올려주세요. 나중에 쏙쏙 집어먹기 좋답니다."", ""4. 전이 자박하게 잠길 정도로 쌀뜨물을 넣고 센불에 팔팔 끓여줍니다. 센불 고기 종류의 전들이 쌀뜨물과 함께 육수 역할을 해주어 쌀뜨물 말고 별도의 육수를 준비해줄 필요는 없답니다."", ""5. 찌개가 끓어오르기 시작하면 분량의 양념재료들 국간장2T,멸치액젓2T,다진마늘1큰술을 넣어 간을 맞추어 주시고 마지막으로 고춧가루 1T를 솔솔 뿌려 색을 내줍니다. 양념재료들을 넣을 때는 찌개의 재료들이 흐트러지지 않도록 여러군데에 흩뿌려주세요."", ""6. 파를 쫑쫑 썰어넣어 마무리 해줍니다.""]","["""", """", ""전은 한입에 먹기 좋은 사이즈로 잘라 차곡차곡 예쁘게 올려주세요. 나중에 쏙쏙 집어먹기 좋답니다."", ""센불"", ""양념재료들을 넣을 때는 찌개의 재료들이 흐트러지지 않도록 여러군데에 흩뿌려주세요."", """"]"
6957741,(고기없는)깔끔하고 시원한 국물의 김치찌개 만들기,김치찌개,2.0,찌개,20.0,아무나,"{'김치': '1/4포기', '두부': '1/2모', '대파': '1개', '고추장': '1숟가락', '간장': '1숟가락', '설탕': '1숟가락', '참기름': '3숟가락', '다진마늘': '1/2숟가락', '물': 'or 육수 800ml', '청양고추': '약간', '고춧가루': '약간'}","[""1. 김치는 먹기좋은 크기로 썰어주세요."", ""2. 두부는 도톰하게 썰어주시고 대파는 어슷 썰어주세요. 청양고추도 송송 썰어줍니다. 매콤한게 싫으시면 안넣으셔도 됩니다."", ""3. 참기름, 고추장, 간장, 설탕을 냄비에 넣고 섞어줍니다."", ""4. 섞은 양념을 약불에서 저으며 끓여주세요. 약불"", ""5. 양념이 바글바글 끓어오르면 썰어놓았던 김치를 넣고 중불에서 볶아주세요. 중불"", ""6. 수분이 날아갈때까지 잘 저으며 볶아주세요. 중불"", ""7. 수분이 없어지고 김치가 다 볶아진 모습입니다."", ""8. 볶아진 김치에 집에서 사용하시는 육수 또는 물 800ml 넣어주시고 강불로 끓여줍니다. 강불"", ""9. 팔팔 끓기시작하면 다진마늘을 넣어주세요. 색이 충분히 빨갛지 않으시면 고춧가루도 넣어주세요. 강불"", ""10. 찌게가 다시 끓어오르면 썰어두었던 두부, 대파, 청양고추를 넣어주세요. 강불"", ""11. 중불에서 잘 저으며 두부에 간이 베일 때까지 끓이시면 됩니다. 중불"", ""12. 5분 더 끓이고 불을 꺼주세요. 완성입니다!""]","["""", """", """", ""약불"", ""중불"", ""중불"", """", ""강불"", ""강불"", ""강불"", ""중불"", """"]"
6904987,백종원 꽁치김치찌개 끓이는 법,꽁치김치찌개,3.0,찌개,90.0,아무나,"{'꽁치통조림': '1캔', '김치': '1/4포기', '양파': '1/2개', '대파': '1/2대', '물': '통조림 캔으로 계량 1캔', '고춧가루': '2스푼', '된장': '0.3스푼', '다진': '마늘 0.5스푼', '설탕': '1스푼', '참기름': '1스푼'}","[""1. 김치는 1/4포기를 준비해 먹기 좋게 썰어주고"", ""2. 대파는 송송 썰고, 양파는 채 썰어주세요. 매콤하게 드시려면 청양고추를 함께 넣어도 된답니다."", ""3. 팬에 참기름 1을 두르고 썰어 놓은 김치를 넣고 달달 볶아주세요."", ""4. 김치가 숨이 죽고 익기 시작하면 꽁치통조림 1캔을 모두 넣어주세요"", ""5. 이때 국물까지 모조리 넣어주는 게 나름 비법이랍니다. 국물 때문인지 간도 좋고 감칠맛도 생기더라고요."", ""6. 그러고 나서 통조림 캔들 이용해 1캔 물을 계량해 넣어주세요. 김치 염도에 따라 물의 양이 달라질 수 있으니 참고하시고, 저는 1캔만 부어주었답니다."", ""7. 그리고 설탕 1,다진 마늘 0.5, 된장 0.3을 넣어 주세요. 설탕은 김치 신맛을 줄여주는 역할을 하니 김치 익힘에 따라 조절해주시고 된장은 비린 맛을 잡아 주는 담당을 한답니다. 된장도 염도가 있으니 간에 따라 양을 조절해 주신 센스!"", ""8. 보글보글 찌개가 끓기 시작하면 미리 썰어둔 양피를 모두 넣어주세요."", ""9. 그리고 고춧가루 2를 넣어 줍니다."", ""10. 마지막에 대파를 넣어 한소끔 더 끓여 마무리해주세요."", ""11. 백종원 꽁치김치찌개 완성 ^^""]","["""", """", """", """", """", """", """", """", """", """", """"]"
6865013,스팸 햄 김치찌개 쉬운 저녁반찬,스팸김치찌개,4.0,찌개,30.0,아무나,"{'김치': '1/4포기', '스팸': '통조림햄 1개', '두부': '1모', '양파': '1/4개', '대파': '1/2개', '다진마늘': '1t', '청양고추': '2개', '다시마': '1개', '고춧가루': '1T', '설탕': '1t', '참치액젓': '1T', '고추장': '1t', '들기름': '1T', '물': '5컵', '김치국물': '1/2컵'}","[""1. 냄비에 물5컵을 붓고 다시마 넣고 중불에서 약 5분정도 끓여 육수 만들고"", ""2. 두부 햄은 먹기좋은 크기로 썰고 양파 대파 고추 썰어주고 다진마늘 준비"", ""3. 잘 익은 배추김치는 적당한 크기로 잘라주고 김치국물 1/2컵 준비해요"", ""4. 냄비에 김치와 들기름1을 넣고 중불에서 들들 볶다가 김치국물 다시마 육수를 붓고 약5분정도 끓여주세요"", ""5. 마늘 햄 넣고 한 번 끓으면 양념을 넣어 간을 하고, 양파 두부넣고 끓이다가"", ""6. 마지막에 대파 청양고추 넣고 한 번 끓여 마무리~~""]","["""", """", """", """", """", """"]"
6900830,삼겹살 묵은지 찌개 ; 백종원 김치찌개 레시피(겨울 보양식),삼겹살묵은지찌개,4.0,찌개,60.0,아무나,"{'묵은지': '1포기', '삼겹살': '2컵', '양파': '1개', '매운고추': '1줌', '송송': '썬 파 3줌', '다진마늘': '1큰술', '설탕': '1큰술', '간장': '2.5큰술', '새우젓': '2큰술', '고춧가루': '2.5큰술', '된장': '1/2큰술', '맛술': '2큰술'}","[""1. 묵은지 한포기를 먹기 좋게 자릅니다. 묵은지 대신 익은 김치 사용 가능해요."", ""2. 들기름 2큰술 냄비에 휘~~둘러주고 들기름 없으면 식용유로"", ""3. 먹기 좋게 썰어 둔 묵은지 넣어주고요. 다진마늘1큰술 설탕1큰술"", ""4. 달달~~볶아주다가"", ""5. 쌀뜬물 8컵 부어주고"", ""6. 삼겹살 2컵 분량 넣고 삼겹살 대신 다른부위 사용가능해요."", ""7. 양파1개 매운고추 한줌도 넣고요 원래 레시피에는 양파1/2개"", ""8. 간장 2+1/2큰술"", ""9. 새우젓 2큰술 새우젓 없을 시에는 액젓으로"", ""10. 고춧가루 2+1/2큰술 냄새를 잡기 위해 된장 1/2큰술 (또는 맛술2큰술)을 넣어줍니다."", ""11. 바글바글~~ 중불에서 20분 끓이다가 파 쏭쏭 썰어 넣은 뒤 불을 끕니다. 묵은지 찌개는 중불에서 좀 오래 끓여야 맛이 잘 우러나는것 같아요."", ""12. 건더기를 먼저 그릇에 담고 국물을 부어줍니다."", ""13. 파를 쏭쏭 썰어 고명으로 장식하고 상에 올립니다. 갓 지은 따끈한 밥과 함께 먹으니 밥 두공기를 부르는 맛진 맛이었어요.""]","[""묵은지 대신 익은 김치 사용 가능해요."", ""들기름 없으면 식용유로"", """", """", """", ""삼겹살 대신 다른부위 사용가능해요."", ""원래 레시피에는 양파1/2개"", """", ""새우젓 없을 시에는 액젓으로"", """", ""묵은지 찌개는 중불에서 좀 오래 끓여야 맛이 잘 우러나는것 같아요."", """", """"]"
6856952,꽁치통조림을 이용한 꽁치김치찌개,꽁치통조림김치찌개,4.0,찌개,30.0,아무나,"{'꽁치통조림': '1캔', '신김치': '또는 묵은지 적당량', '식용유': '1큰술', '다진마늘': '1/2큰술', '대파': '적당량', '고추장': '1큰술', '소금': '약간', '고춧가루': '약간'}","[""1. 신김치나 묵은지는 한입 크기로 썰어 식용유 1큰술을 넣고 볶아줍니다~"", ""2. 진하고 감칠맛 나는 국물을 원하시는 분들께서는 고추장을 1큰술 넣어 볶아주시고 맑은 국물을 선호하시는 분들께서는 고추장은 넣지 않으셔도 되어요ㅎㅎㅎ"", ""3. 김치가 반투명해질 정도로 볶아졌다면 꽁치통조림 1캔을 모두 넣어주시고 물을 부어 끓이기 시작합니다~ 이때 꽁치통조림 안에 들어있는 국물까지 모두 함께 넣어 끓여주세요ㅎ"", ""4. 다진마늘 1/2큰술을 넣어주시고요~"", ""5. 부족한 간은 소금으로 맞춰주세요~!"", ""6. 꽁치김치찌개가 알맞게 끓었다면 고추가루로 색을 내주시고 어슷 썬 대파를 넣어 한소큼 끓여냅니다~""]","["""", """", """", """", """", """"]"
6871833,돼지고기 짜글이찌개 밥도둑이 따로없네~!!,돼지고기짜글이찌개,4.0,찌개,30.0,초급,"{'돼지고기앞다리살': '400g', '양파': '1/2개', '호박': '1/3개', '감자': '1개', '쌀뜨물': '3컵', '고추장': '2큰술', '고춧가루': '1큰술', '다진마늘': '1큰술', '맛술': '1큰술', '설탕': '1큰술', '간장': '1큰술'}","[""1. 저는 마트에서 파는 앞다리살을 이용했는데요. 국물요리할때는 앞다리살이나 뒷다리살을 많이 사용하는편이예요. 좋아하시는 부위를 사용하셔도 상관없답니다."", ""2. 넓은 볼안에 고기를 넣고 분량의 양념을 고기와 함께 섞어주세요. 고추장 2큰술, 고춧가루 1큰술, 다진마늘 1큰술, 맛술 1큰술, 설탕 1큰술, 간장 1큰술"", ""3. 양념을 다 넣고 고기와 함께 재워줄껀데요. 시간이 좀 넉넉하시다면 30분정도 재워주시면 더 맛있을거 같아요~ 전 시간이 없어서 10분정도만 재워두었어요."", ""4. 그리고 짜글이찌개에 들어갈 각종 야채도 썰어서 준비해주세요~ 저는 감자만 따로 사오고 나머지 야채는 집에있는걸 사용했어요. 좋아하시는 야채를 듬뿍 넣어주셔도 좋아요 :)"", ""5. 그리고 찌개요리 할때 국물맛을 내게 도와주는 쌀뜨물이예요~ 멸치다시육수를 사용하셔도 좋고 그냥 생수를 사용하셔도 상관없는데 쌀뜨물 넣어주면 좀 더 맛이 걸쭉해지고 깊어지는듯하더라구요~ 전 밥하기 전이라 쌀씻으면서 쌀뜨물을 미리 준비해줬답니다."", ""6. 10분후에 양념해둔 고기를 냄비에 올려서 살짝 볶아줄껀데요. 기름을 살짝만 두르시고 겉면만 익었다 싶을정도로 볶아주세요."", ""7. 어느정도 고기를 볶아준후에 쌀뜨물을 세컵정도 넣고 한번 끓어오를때까지 끓여주세요."", ""8. 그리고 준비해둔 야채를 넣기 시작하면 되는데요. 오랜시간 익어야 되는 야채부터 넣어주시면 되는데요. 전 감자랑 호박을 먼저 넣고 끓여줬어요."", ""9. 국물이 자박자박하니 보글보글 소리가 나면서 맛있게 끓어오르고 있어요. 한번 끓어오르면 양파랑 파를 넣고 한번 더 끓여주시고 마무리 하시면 된답니다."", ""10. 어느정도 고기에 간이 배어있기때문에 따로 간을 더 하지 않아도 진하고 맛있었어요. 한술 크게떠서 한입에 넣어 먹어도 맛있고 밥위에 올려서 쓱쓱 비벼먹어도 너무 맛있답니다.""]","["""", """", """", """", """", """", """", """", """", """"]"
6891578,15분뚝딱완성 새우젓호박찌개 만드는법!,새우젓호박찌개,2.0,찌개,15.0,아무나,"{'애호박': '2/3개', '양파': '1/3개', '새우젓': '1스푼', '다진마늘': '1/2스푼', '고춧가루': '1/2스푼', '들기름': '1스푼', '대파': '1대'}","[""1. 양파와 호박은 먹기 좋은 크기로 크기 같게 썰어 준비해 주세요 새우젓은 아빠 숟가락으로 깎아서 1스푼 입니당"", ""2. 달궈진 뚝배기에 들기름 1스푼을 두르고 준비해 놓은 호박과 양파를 넣고 양파가 두명 해 질때까지 볶아 주세요 들기름이 없다면 일반 식용유나 카놀라유도 가능 중불"", ""3. 양파가 투명해 졌다면 양파와 호박이 잠기지 않을 정도로 물을 넣어주세요 200ml정도 쎈불"", ""4. 물을 넣은 뒤 곧바로 다진마늘 반스푼과 쎈불"", ""5. 고춧가루 반스푼 쎈불"", ""6. 새우젓 1스푼을 넣고 보글보글 끓여 주세요 입맛에 따라 새우젓 국물이나 멸치액젓을 추가해 간을 맞추셔도 됩니다 쎈불"", ""7. 마지막으로 대파를 넣고 1분정도 끓여 주면 !! 쎈불"", ""8. 새우젓호박찌개 완성 !!""]","["""", ""중불"", ""쎈불"", ""쎈불"", ""쎈불"", ""쎈불"", ""쎈불"", """"]"
4933623,콩비지찌개 맛있게 끓이는법,콩비지찌개,1.0,찌개,30.0,초급,"{'시판콩비지': '400g', '한돈': '앞다리살 200g', '익은배추김치': '1/4포기', '육수': '또는 생수 1컵', '새우젓': '소금으로 대체가능 1큰술'}","[""1. 돼지고기와 궁합도 잘맞는 익은 배추김치~ 먹기좋은 크기로 썰어 준비합니다.."", ""2. 참기름을 두르고.. 돼지고기와 김치를 볶아줍니다.."", ""3. 고기도익고...김치도 좀 무르다싶게 볶아졌음 육수나 생수를 넣어주고.. 콩비지를 넣어주세요~"", ""4. 보글보글 끓여주기만 하면되는 비교적 간단한 찌개랍니다.."", ""5. 돼지고기하고 음식궁합이 잘맞는 새우젖으로 간해줍니다.. .""]","["""", """", """", """", """"]"
6808942,콩비지 찌개,콩비지찌개,2.0,찌개,30.0,초급,"{'다진돼지고기': '150g', '김치': '150g', '청양고추': '1개', '콩비지': '300g', '물': '1컵', '다진마늘': '0.7숟가락', '국간장': '1숟가락', '간장': '1숟가락', '참기름': '2.5숟가락'}","[""1. 다진 돼지고기 150g에 다진마늘 0.7, 국간장 1, 간장 1, 참기름 0.5를 넣고 조물조물 섞어 주세요."", ""2. 김치를 양념 그대로 150g 준비하여 썰어 달궈진 뚝배기에 참기름을 2숟가락 넣어 두르고 다진 돼지고기와 김치를 넣고 볶아줍니다."", ""3. 여기에 콩비지 300g을 넣고, 종이컵 기준 물 1컵을 부어주고 중약불에서 끓여줍니다."", ""4. 청양고추 1개를 썰어 넣고 소금으로 간을 해주시고 보글보글 끓여주세요.""]","["""", """", """", """"]"
6893950,생생정보통 순두부찌개 레시피 칼칼하니 맛있네 ~,순두부찌개,2.0,찌개,30.0,중급,"{'순두부': '1팩', '양파': '1/2개', '대파': '1/2대', '계란': '1개', '멸치육수': '4큰술', '다진': '돼지고기 2큰술', '고춧가루': '2큰술', '참기름': '1큰술', '새우가루': '1큰술', '국간장': '1큰술', '소금': '적당량'}","[""1. 양념은 한데 섞지 마시고 따로 준비해주세요."", ""2. 양파는 채 썰어서, 대파는 송송 썰어준비해요."", ""3. 멸치 육수도 2컵 준비하고요."", ""4. 냄비에 참기름 1 큰 술+고춧가루 2 큰 술을 넣고 약불에서 잘 볶아 고추기름을 내요. 다진 돼지고기도 넣고 가볍게 볶아줍니다."", ""5. 멸치육수 2 큰 술, 다진 마늘 1 큰 술, 새우가루 1 큰 술, 소금도 약간 넣어주시고요."", ""6. 국간장 1 큰 술을 넣고 돼지고기가 익을 때까지 충분히 볶아주도록 해요."", ""7. 멸치육수 2컵을 넣고 강불에서 국물이 끓어오르면 중간 불로 줄인 뒤 채 썬 양파를 투척 ~ 순두부도 숟가락으로 숭덩숭덩 떠서 넣어줍니다."", ""8. 국물 간을 보고 싱거우면 소금을 약간 넣어주시고요. 감칠맛을 더 주고 싶으시면 새우가루를 좀 더 첨가해주세요. 참고로 저는 1 큰 술 더 넣었어요 ㅎㅎ"", ""9. 약불로 줄인 뒤 송송 썬 대파를 넣고요. 국물이 한소끔 끓어오르면 달걀을 하나 톡 깨서 넣어줍니다.""]","["""", """", """", """", """", """", """", """", """"]"
6857112,차돌박이된장찌개 구수한 된장찌개,차돌박이된장찌개,4.0,찌개,15.0,아무나,"{'차돌박이': '200g', '감자': '1개', '호박': '1/3개', '느타리버섯': '1줌', '청양고추': '1개', '대파': '', '두부': '1/4모', '쌀뜨물': '4컵', '다진마늘': '1', '된장': '3', '고추장': '1', '설탕': '0.5'}","[""1. 호박,감자,대파,고추,두부는 썰어주고 느타리버섯은 깨끗하게 씻어 준비합니다."", ""2. 약한 불로 달군 냄비에 차돌박이가 하얗게 변할 때까지 볶아주고"", ""3. 감자를 넣어 중간 불에서 2분간 볶고"", ""4. 쌀뜨물4컵을 붓고 호박,느타리버섯,두부, 양념장은 된장3,고추장1,설탕0.5,다진마늘1을 넣고 끓여줍니다."", ""5. 채소가 부드럽게 익으면 청양고추와 대파를 넣고 한 번 더 끓여 마무리 합니다.""]","["""", """", """", """", """"]"
6874192,맛있는 참치김치찌개 끓이는법,참치김치찌개,4.0,찌개,60.0,중급,"{'묵은지': '1포기', '참지': '1캔', '고추가루': '2큰술', '고추장': '1큰술', '두부': '1/2모', '다진마늘': '1큰술', '파': '조금', '설탕': '1큰술', '소금': '0.5큰술'}","[""1. 재료를 준비해 보아요. 참치는 기름은 냄비에 따르고 참치만 남기고요. 두부는 먹기 좋게 썰어요. 그리고 중요한 묵은지!!!"", ""2. 참치 기름을 넣은 냄비에 묵은지를 썰어서 넣어요. 김치양이 많아서 참치기름이 부족한 것 같으면 식용유를 살짝 넣어주심 되요.묵은지 색깔이 좀 하얀;;;; 일단 볶아주세요"", ""3. 묵은지 달달 볶다가 물을 넣고 마늘1큰술,고추가루2큰술,고추장1큰술을 넣고요."", ""4. 참치도 넣어요. 전 참치를 묵은지랑 좀 끓여줘야 맛있더라구요^^"", ""5. 보글보글~~~끓고 있어요~"", ""6. 썰어 둔 두부,파도 좀 넣고 간을 보고 설탕,소금을 넣어요.""]","["""", """", """", """", """", """"]"
6882936,고기없이 비지찌개 끓이기,비지찌개,2.0,찌개,15.0,아무나,"{'콩비지': '1공기', '김치': '1공기', '물': '480ml', '다진마늘': '1T', '참기름': 'or 들기름 1T', '청주': 'or 맛술 1T', '새우젓': '1/3T', '국간장': '간맞추기'}","[""1. 잘 익은 김치는 한공기정도 먹기 좋은 크기로 잘라주세요 김치를 냄비에 넣고"", ""2. 다진마늘 한스푼"", ""3. 참기름이나 들기름 1스푼 넣고"", ""4. 맛술 1스푼 넣어서 볶아주세요"", ""5. 김치가 잘 볶아지면 물을 480ml정도 넣고 센불에 끓이기 시작"", ""6. 비지 한덩이를 넣고 같이 끓여요"", ""7. 거품이 올라오면 제거 해주시구요"", ""8. 새우젓 1/3스푼 넣고"", ""9. 간을 보신뒤 나머지 간은 국간장으로 합니다"", ""10. 김치 색이 옅으면 고추가루 1/2-1스푼 넣어주시구요 비지가 잘 풀리고 국물이 자작하게 되면 완성!"", ""11. 고기 없어도 초간단하고 깔끔한 비지찌개를 만들수 있어요""]","["""", """", """", """", """", """", """", """", """", """", """"]"
6866044,돼지고기 고추장찌개 황금레시피 칼칼한 맛이 예술인데 ~,돼지고기고추장찌개,2.0,찌개,15.0,초급,"{'돼지고기': '찌개용 200g', '감자': '2개', '애호박': '1/2개', '새송이버섯': '1개', '양파': '1/2개', '대파': '1/2개', '청양고추': '1개', '두부': '1/2모', '후추': '톡톡', '물': '야채가 잠길 정도 3컵', '고추장': '2큰술', '고춧가루': '2큰술', '국간장': '3큰술', '설탕': '1티스푼', '다진': '마늘 1큰술'}","[""1. 가장 먼저 야채들을 먹기 좋은 크기로 잘라둡니다. 야채는 냉장고 사정에 따라 변경될 수 있으니 꼭 이대로 넣지 않으셔도 돼요. 저도 냉장고에 있는 재료들로만 만들었거든요 ㅎㅎㅎ 감자는 신랑이 안 넣었으면 좋겠다고 해서 넣지 않았어요."", ""2. 냉장고에 날짜가 다 돼가는 두부가 반 모 남아서 두부도 넣어주기로! ㅋㅋㅋ"", ""3. 냄비에 식용유를 적당량 둘러 돼지고기가 충분히 익도록 볶아줍니다. 비계가 많이 붙은 돼지고기의 경우 식용유는 생략하셔도 돼요. 저는 비계가 많은 돼지고기를 이용했지만 냄비가 오래돼서 그런지 고기가 자꾸 눌어붙어서 식용유를 살짝 넣어줬어요."", ""4. 돼지고기가 잘 볶아졌다면, 고추장 2 큰 술을 넣고 고기와 고추장이 잘 섞이도록 볶아주세요. 이때 불은 좀 줄여서 볶아주세요. 양념은 잘 타니까요."", ""5. 잠시 후 물을 세 컵 정도 부어줍니다. 물의 양은 준비한 야채가 잠길 정도면 돼요."", ""6. 물이 끓기 시작하면 애호박을 먼저 넣어주시고요. 그다음 버섯과 양파를 넣어주세요. (대파와 청양고추, 두부를 제외한 나머지 재료는 다 넣음) * 감자를 넣으실 경우에는 감자를 먼저 넣어주시고 감자가 어느 정도 익었을 때쯤 애호박과 버섯, 양파를 차례로 넣어주시면 되겠쥬? ^^ *"", ""7. 이제 고춧가루 2 큰 술과 국간장 3 큰 술, 다진 마늘 1 큰 술, 설탕 1 티스푼(생략 가능)을 넣고 간을 해줘요. 싱겁다면 국간장을 조금 더 넣어주세요. 저는 간이 딱 좋아서 다른 양념을 추가하지 않았답니다."", ""8. 마지막으로 두부와 대파, 후추를 적당량 넣고 한 번 더 후루룩 끓여주시면 돼지고기 고추장찌개 만들기는 이렇게 끝이 나요 ^^"", ""9. 사실 고추장찌개는 만든 날보다 그다음 날이 더 맛있다고 하쥬? 하지만 백종원 레시피로 만든 고추장찌개는 만든 날도 맛있고, 그 다음날도 맛있는 것 같아요!"", ""10. 국물 맛도 칼칼하고 진해서 이 겨울과 너무나도 잘 어울리는 돼지고기 고추장찌개! 오늘 저녁에 무슨 찌개 만들지 고민이시라면 백종원표 돼지고기 고추장찌개 추천드려요!""]","["""", """", """", """", """", """", """", """", """", """"]"
